,Name,Link
0,Sajjad Asghar,https://scholar.google.com//citations?hl=en&user=0LPMHGcAAAAJ
1,Rongxing Lu,https://scholar.google.com//citations?hl=en&user=DeBXK0UAAAAJ
2,Ali Ghorbani,https://scholar.google.com//citations?hl=en&user=tMc1RhUAAAAJ
3,Harry Zhang,https://scholar.google.com//citations?hl=en&user=AFn_Ki0AAAAJ
4,Neeru Gupta,https://scholar.google.com//citations?hl=en&user=ApzZFWsAAAAJ
5,Huining Xiao,https://scholar.google.com//citations?hl=en&user=WrFstRcAAAAJ
6,Kevin Englehart,https://scholar.google.com//citations?hl=en&user=WkN17coAAAAJ
7,"E. Sandra Byers, Ph.D.",https://scholar.google.com//citations?hl=en&user=ZK4g1FgAAAAJ
8,Les C Cwynar,https://scholar.google.com//citations?hl=en&user=hiHPzJcAAAAJ
9,Bernie Hudgins,https://scholar.google.com//citations?hl=en&user=S1UN_q8AAAAJ
10,James Watmough,https://scholar.google.com//citations?hl=en&user=A0zQf2EAAAAJ
11,Philip A. Parker,https://scholar.google.com//citations?hl=en&user=ENOqUXAAAAAJ
12,Gary W. Saunders,https://scholar.google.com//citations?hl=en&user=JCc6GRUAAAAJ
13,Liuchen Chang,https://scholar.google.com//citations?hl=en&user=L--pMQYAAAAJ
14,Liuchen Chang,https://scholar.google.com//citations?hl=en&user=3Ap5fNQAAAAJ
15,Paul Mazerolle,https://scholar.google.com//citations?hl=en&user=6qH17yoAAAAJ
16,Cunjak RA,https://scholar.google.com//citations?hl=en&user=SPaY0pgAAAAJ
17,Felipe Chibante,https://scholar.google.com//citations?hl=en&user=lYJ1g2kAAAAJ
18,Daniel Voyer,https://scholar.google.com//citations?hl=en&user=iYCV15QAAAAJ
19,Stephan Dombrowski,https://scholar.google.com//citations?hl=en&user=cNHb0YQAAAAJ
20,Ajit J. Thakkar,https://scholar.google.com//citations?hl=en&user=n1ROw94AAAAJ
21,Antonio CM Sousa,https://scholar.google.com//citations?hl=en&user=Pb2Xg6QAAAAJ
22,Drew Rendall,https://scholar.google.com//citations?hl=en&user=Gn-iD_kAAAAJ
23,Angkoon Phinyomark,https://scholar.google.com//citations?hl=en&user=MNoaLBYAAAAJ
24,Harry Zhang,https://scholar.google.com//citations?hl=en&user=MlO-w1cAAAAJ
25,David A MacLean,https://scholar.google.com//citations?hl=en&user=C89ct8AAAAAJ
26,Lucia O'Sullivan,https://scholar.google.com//citations?hl=en&user=NwpBCIIAAAAJ
27,Antony W Diamond,https://scholar.google.com//citations?hl=en&user=OeJveRMAAAAJ
28,Yun Zhang,https://scholar.google.com//citations?hl=en&user=iPehCDYAAAAJ
29,Tillmann Benfey,https://scholar.google.com//citations?hl=en&user=xfVxj3QAAAAJ
30,Bruce Balcom,https://scholar.google.com//citations?hl=en&user=guny4i4AAAAJ
31,Aurora Nedelcu,https://scholar.google.com//citations?hl=en&user=FL3XfLgAAAAJ
32,Abdur Rahim,https://scholar.google.com//citations?hl=en&user=La0adBQAAAAJ
33,"John A. Kershaw, Jr.",https://scholar.google.com//citations?hl=en&user=Ah6KRK4AAAAJ
34,Andreas Decken,https://scholar.google.com//citations?hl=en&user=zDZk0XAAAAAJ
35,Jeff Houlahan,https://scholar.google.com//citations?hl=en&user=yRFFy8sAAAAJ
36,Jeff Houlahan,https://scholar.google.com//citations?hl=en&user=KluxfsEAAAAJ
37,Daniel Fitzgerald,https://scholar.google.com//citations?hl=en&user=zl0ceKAAAAAJ
38,David R Lentz,https://scholar.google.com//citations?hl=en&user=R8wJceoAAAAJ
39,James Ted McDonald,https://scholar.google.com//citations?hl=en&user=Ie6_aLoAAAAJ
40,Stephen Heard,https://scholar.google.com//citations?hl=en&user=5vV2CLkAAAAJ
41,Om Rajora,https://scholar.google.com//citations?hl=en&user=nK-Fm3EAAAAJ
42,Gerhard W Dueck,https://scholar.google.com//citations?hl=en&user=lozv7bIAAAAJ
43,Friedrich Grein,https://scholar.google.com//citations?hl=en&user=Yi3vuncAAAAJ
44,Dion Durnford,https://scholar.google.com//citations?hl=en&user=6EXEObwAAAAJ
45,Kerry MacQuarrie,https://scholar.google.com//citations?hl=en&user=nhdhDOcAAAAJ
46,Fan-Rui Meng,https://scholar.google.com//citations?hl=en&user=fHIx2NcAAAAJ
47,Thomas Beckley,https://scholar.google.com//citations?hl=en&user=7rubCukAAAAJ
48,"McGibbon, Chris A.",https://scholar.google.com//citations?hl=en&user=Ue20t0IAAAAJ
49,William Ward,https://scholar.google.com//citations?hl=en&user=vBNnV7sAAAAJ
50,James D. Kieffer,https://scholar.google.com//citations?hl=en&user=gA1kbF0AAAAJ
51,Paul Cook,https://scholar.google.com//citations?hl=en&user=lJzulN0AAAAJ
52,Li-Hong Xu,https://scholar.google.com//citations?hl=en&user=VabmqmAAAAAJ
53,Iman Sharafaldin,https://scholar.google.com//citations?hl=en&user=NGOL_BwAAAAJ
54,Muhammad Mazhar Ullah Rathore,https://scholar.google.com//citations?hl=en&user=04lBhZsAAAAJ
55,Mohsen Mohammadi,https://scholar.google.com//citations?hl=en&user=DDmAUkkAAAAJ
56,Baukje Miedema,https://scholar.google.com//citations?hl=en&user=3CxUAFYAAAAJ
57,Adrian Reyes-Prieto,https://scholar.google.com//citations?hl=en&user=RZTDvd4AAAAJ
58,Scott Bateman,https://scholar.google.com//citations?hl=en&user=DV8i83MAAAAJ
59,John Terhune,https://scholar.google.com//citations?hl=en&user=AGT_dcgAAAAJ
60,Mary Ann Campbell,https://scholar.google.com//citations?hl=en&user=CXrk7kIAAAAJ
61,Zhibin He,https://scholar.google.com//citations?hl=en&user=MayxbykAAAAJ
62,Michel Rod,https://scholar.google.com//citations?hl=en&user=hlL4vRgAAAAJ
63,"Avik Khan, PhD",https://scholar.google.com//citations?hl=en&user=6v7oQ7IAAAAJ
64,Lin Wang,https://scholar.google.com//citations?hl=en&user=uhgMX7gAAAAJ
65,Will C. van den Hoonaard,https://scholar.google.com//citations?hl=en&user=sMfyhloAAAAJ
66,Viqar Husain,https://scholar.google.com//citations?hl=en&user=-Ai0zxEAAAAJ
67,Jeffrey J. McNally,https://scholar.google.com//citations?hl=en&user=kGoMkFMAAAAJ
68,Emily Richard,https://scholar.google.com//citations?hl=en&user=4Y4q-0sAAAAJ
69,Heather Hunt,https://scholar.google.com//citations?hl=en&user=YxfYBC4AAAAJ
70,Lee Jolliffe,https://scholar.google.com//citations?hl=en&user=wWtzLL0AAAAJ
71,Juan A. Carretero,https://scholar.google.com//citations?hl=en&user=dGVqmGAAAAAJ
72,Isdore Chola Shamputa,https://scholar.google.com//citations?hl=en&user=L0FET_kAAAAJ
73,Kenneth B Kent,https://scholar.google.com//citations?hl=en&user=N__697EAAAAJ
74,Gholam R. Amin,https://scholar.google.com//citations?hl=en&user=smwSyIgAAAAJ
75,Brian Hayden,https://scholar.google.com//citations?hl=en&user=tYW_Nm8AAAAJ
76,Myriam A. Barbeau,https://scholar.google.com//citations?hl=en&user=5nslzjYAAAAJ
77,Anna Ignaszak,https://scholar.google.com//citations?hl=en&user=1A6KTIcAAAAJ
78,Anthony R. Taylor,https://scholar.google.com//citations?hl=en&user=ci5TzYsAAAAJ
79,Lisa Best,https://scholar.google.com//citations?hl=en&user=szejGggAAAAJ
80,Lyes Bennamoun,https://scholar.google.com//citations?hl=en&user=XNh1kboAAAAJ
81,Wendy A. Monk,https://scholar.google.com//citations?hl=en&user=ulRVPmIAAAAJ
82,David Coleman,https://scholar.google.com//citations?hl=en&user=wLDbJgYAAAAJ
83,Susan O'Donnell,https://scholar.google.com//citations?hl=en&user=iRAhVmoAAAAJ
84,Roozbeh Razavi-Far,https://scholar.google.com//citations?hl=en&user=GpKjdiwAAAAJ
85,Amy Parachnowitsch,https://scholar.google.com//citations?hl=en&user=YBQQcMsAAAAJ
86,Hongfei LIN,https://scholar.google.com//citations?hl=en&user=sbuZpwUAAAAJ
87,Rémy Rochette,https://scholar.google.com//citations?hl=en&user=H1ZRWo8AAAAJ
88,JC Herbert Emery,https://scholar.google.com//citations?hl=en&user=0vWljksAAAAJ
89,Heather D. Hunt,https://scholar.google.com//citations?hl=en&user=vk_Ur1gAAAAJ
90,Cliff Shaw,https://scholar.google.com//citations?hl=en&user=chguuvoAAAAJ
91,Meng Gong,https://scholar.google.com//citations?hl=en&user=P-qOpoAAAAAJ
92,Brynle Barrett,https://scholar.google.com//citations?hl=en&user=q6PfmCUAAAAJ
93,Michelle A Gray,https://scholar.google.com//citations?hl=en&user=UawkFg4AAAAJ
94,Mary McKenna,https://scholar.google.com//citations?hl=en&user=BZtENPoAAAAJ
95,Sanjeev Seahra,https://scholar.google.com//citations?hl=en&user=QApXjbkAAAAJ
96,Basu Sharma,https://scholar.google.com//citations?hl=en&user=BML7JBYAAAAJ
97,Ben Speers-Roesch,https://scholar.google.com//citations?hl=en&user=y4WkeNsAAAAJ
98,Wayne J. Albert,https://scholar.google.com//citations?hl=en&user=Be24RJQAAAAJ
99,Virginia Hill,https://scholar.google.com//citations?hl=en&user=Y6PZEBkAAAAJ
100,Tommi Linnansaari,https://scholar.google.com//citations?hl=en&user=wr6AvagAAAAJ
101,stijn de baerdemacker,https://scholar.google.com//citations?hl=en&user=Hb-VgewAAAAJ
102,David Bremner,https://scholar.google.com//citations?hl=en&user=xCqwmhsAAAAJ
103,"Prof. Mostaq M. Hussain, PhD",https://scholar.google.com//citations?hl=en&user=89PL7OQAAAAJ
104,Ghislain Deslongchamps,https://scholar.google.com//citations?hl=en&user=InGjSZwAAAAJ
105,David Wagner,https://scholar.google.com//citations?hl=en&user=3xCa_C4AAAAJ
106,Scott A. Pavey,https://scholar.google.com//citations?hl=en&user=zbJl0YMAAAAJ
107,Christopher JO Baker,https://scholar.google.com//citations?hl=en&user=wt_6UKkAAAAJ
108,Gilles Villemure,https://scholar.google.com//citations?hl=en&user=YnWxHsgAAAAJ
109,Rajamani Doraiswami,https://scholar.google.com//citations?hl=en&user=9et54LcAAAAJ
110,Marcelo C Santos,https://scholar.google.com//citations?hl=en&user=Zd767pwAAAAJ
111,van lantz,https://scholar.google.com//citations?hl=en&user=Va2OWBUAAAAJ
112,Shelley Doucet,https://scholar.google.com//citations?hl=en&user=pCVDGy4AAAAJ
113,Michael T. Bradley,https://scholar.google.com//citations?hl=en&user=IEi5XfIAAAAJ
114,Loïc D'Orangeville,https://scholar.google.com//citations?hl=en&user=CwBKApgAAAAJ
115,Ian Church,https://scholar.google.com//citations?hl=en&user=fYWwZdgAAAAJ
116,Margaret Loretta Secco,https://scholar.google.com//citations?hl=en&user=O4tQNp4AAAAJ
117,Tim Koslowski,https://scholar.google.com//citations?hl=en&user=DFRjumkAAAAJ
118,Clodualdo Aranas Jr,https://scholar.google.com//citations?hl=en&user=bBMBe1cAAAAJ
119,Hamed Asgari,https://scholar.google.com//citations?hl=en&user=XCzYjKYAAAAJ
120,Jae Ogilvie,https://scholar.google.com//citations?hl=en&user=5k5fiW4AAAAJ
121,Gobinda Saha,https://scholar.google.com//citations?hl=en&user=nvvVqzwAAAAJ
122,Donglei Du,https://scholar.google.com//citations?hl=en&user=3iptnUsAAAAJ
123,Morris Mendelson,https://scholar.google.com//citations?hl=en&user=vBuAu5cAAAAJ
124,Bradford G. Nickerson,https://scholar.google.com//citations?hl=en&user=aKCo1AwAAAAJ
125,Karl E. Butler,https://scholar.google.com//citations?hl=en&user=T9BkMR4AAAAJ
126,Chris McFarlane,https://scholar.google.com//citations?hl=en&user=nA4K9I4AAAAJ
127,AM Hamza,https://scholar.google.com//citations?hl=en&user=BGH1kU8AAAAJ
128,Eric Aubanel,https://scholar.google.com//citations?hl=en&user=5KrloWkAAAAJ
129,Dongmin Kim,https://scholar.google.com//citations?hl=en&user=RqsEXbsAAAAJ
130,Benedict Newling,https://scholar.google.com//citations?hl=en&user=IsqgbawAAAAJ
131,Jason A. Addison,https://scholar.google.com//citations?hl=en&user=BttvsjkAAAAJ
132,Veronica Whitford,https://scholar.google.com//citations?hl=en&user=XihtsoYAAAAJ
133,Luigi Benedicenti,https://scholar.google.com//citations?hl=en&user=hmN53dQAAAAJ
134,Igor Mastikhin,https://scholar.google.com//citations?hl=en&user=gO9TCigAAAAJ
135,Audrey Limoges,https://scholar.google.com//citations?hl=en&user=yoeOyz4AAAAJ
136,Bruce Spencer,https://scholar.google.com//citations?hl=en&user=FUSt_SQAAAAJ
137,Patrick Bruning,https://scholar.google.com//citations?hl=en&user=nxmsz5wAAAAJ
138,Wenping Zhang,https://scholar.google.com//citations?hl=en&user=PXZOaBcAAAAJ
139,Won Taek Oh,https://scholar.google.com//citations?hl=en&user=ZRkzBwIAAAAJ
140,René Michael Malenfant,https://scholar.google.com//citations?hl=en&user=gdNUR0cAAAAJ
141,Chris Diduch,https://scholar.google.com//citations?hl=en&user=DoYFm6EAAAAJ
142,Greg Marquis,https://scholar.google.com//citations?hl=en&user=s6YZAqQAAAAJ
143,Haruna Isah,https://scholar.google.com//citations?hl=en&user=QNZJE2cAAAAJ
144,Charlene Shannon-McCallum,https://scholar.google.com//citations?hl=en&user=uvXxDRMAAAAJ
145,Yevgen Biletskiy,https://scholar.google.com//citations?hl=en&user=leMOq80AAAAJ
146,Terri Byers,https://scholar.google.com//citations?hl=en&user=DUNvg9gAAAAJ
147,Dawn MacIsaac,https://scholar.google.com//citations?hl=en&user=bJi2F0MAAAAJ
148,Barry Watson,https://scholar.google.com//citations?hl=en&user=LOFw5eQAAAAJ
149,Nicolas Van Nieuwenhove,https://scholar.google.com//citations?hl=en&user=Yl56AL8AAAAJ
150,Kim Davies,https://scholar.google.com//citations?hl=en&user=AL3YOMsAAAAJ
151,Jonathon Edwards,https://scholar.google.com//citations?hl=en&user=otREiQEAAAAJ
152,Scott Ronis,https://scholar.google.com//citations?hl=en&user=wDzkr6AAAAAJ
153,Eric D Hildebrand,https://scholar.google.com//citations?hl=en&user=-2Mk2_QAAAAJ
154,Anna  Szostak-Chrzanowski,https://scholar.google.com//citations?hl=en&user=85_cmFMAAAAJ
155,Ali Ameri,https://scholar.google.com//citations?hl=en&user=MXyLyaYAAAAJ
156,Anne L. Klinck,https://scholar.google.com//citations?hl=en&user=P29pQdgAAAAJ
157,Yang Qu,https://scholar.google.com//citations?hl=en&user=dWdAzwQAAAAJ
158,Hsin-Chen Lin,https://scholar.google.com//citations?hl=en&user=0u18MxUAAAAJ
159,liqin liu,https://scholar.google.com//citations?hl=en&user=saDQ4mEAAAAJ
160,Robert Larmer,https://scholar.google.com//citations?hl=en&user=AEb7up0AAAAJ
161,Alex Zimmer,https://scholar.google.com//citations?hl=en&user=CysI6yIAAAAJ
162,Ahmad Mohamad Mezher,https://scholar.google.com//citations?hl=en&user=UVmgSTsAAAAJ
163,Idris Gadoura,https://scholar.google.com//citations?hl=en&user=Ws38cjsAAAAJ
164,Philip Harrison,https://scholar.google.com//citations?hl=en&user=cubCMIEAAAAJ
165,Shawn MacLellan,https://scholar.google.com//citations?hl=en&user=Ot_fCe0AAAAJ
166,Jennifer Lento,https://scholar.google.com//citations?hl=en&user=6KZTOo4AAAAJ
167,E. Stephen Grant,https://scholar.google.com//citations?hl=en&user=r_WKRzAAAAAJ
168,Dinesh Gajurel,https://scholar.google.com//citations?hl=en&user=dco3uywAAAAJ
169,Katharine (Katy) Hind,https://scholar.google.com//citations?hl=en&user=OyiUfRQAAAAJ
170,Timothy Erickson,https://scholar.google.com//citations?hl=en&user=RqqaERIAAAAJ
171,Michael Fleming,https://scholar.google.com//citations?hl=en&user=Cf5NncoAAAAJ
172,Kaveh Arjomandi,https://scholar.google.com//citations?hl=en&user=82n-S2wAAAAJ
173,Joseph Hall,https://scholar.google.com//citations?hl=en&user=rolizGUAAAAJ
174,Amir Gharib,https://scholar.google.com//citations?hl=en&user=AiWSDzYAAAAJ
175,Lisa Keeping-Burke,https://scholar.google.com//citations?hl=en&user=cHHy6sEAAAAJ
176,M Rogers,https://scholar.google.com//citations?hl=en&user=ejoIKmAAAAAJ
177,Tiger Jeans,https://scholar.google.com//citations?hl=en&user=CMXclLwAAAAJ
178,Rickey Dubay,https://scholar.google.com//citations?hl=en&user=nAJwn0kAAAAJ
179,Murshed Chowdhury,https://scholar.google.com//citations?hl=en&user=ooFVXRoAAAAJ
180,HEA Campbell,https://scholar.google.com//citations?hl=en&user=R1VLz1UAAAAJ
181,Jeremy W. Noble,https://scholar.google.com//citations?hl=en&user=24sxUSkAAAAJ
182,Syed Comail Abbas,https://scholar.google.com//citations?hl=en&user=plpUpBcAAAAJ
183,Alireza Tajbakhsh,https://scholar.google.com//citations?hl=en&user=OZR93DQAAAAJ
184,Armand Larocque,https://scholar.google.com//citations?hl=en&user=xYz2AIAAAAAJ
185,"S. Jeffrey Bailey, PhD",https://scholar.google.com//citations?hl=en&user=idKQKYcAAAAJ
186,Anton Kashcheyev,https://scholar.google.com//citations?hl=en&user=FSb8w7UAAAAJ
187,Sushil S.Chaurasia,https://scholar.google.com//citations?hl=en&user=kLIQjKsAAAAJ
188,Tatiana Zaraiskaya,https://scholar.google.com//citations?hl=en&user=BB6c8XQAAAAJ
189,Stephen A MacKay,https://scholar.google.com//citations?hl=en&user=dtbHaHkAAAAJ
190,Konstantin Nasartschuk,https://scholar.google.com//citations?hl=en&user=7rpdOc0AAAAJ
191,Richard K Cho,https://scholar.google.com//citations?hl=en&user=JEtLytsAAAAJ
192,Roman A. Mureika,https://scholar.google.com//citations?hl=en&user=SItC-tcAAAAJ
193,Somayeh Sadeghi,https://scholar.google.com//citations?hl=en&user=m2r3q-wAAAAJ
194,Luc Theriault,https://scholar.google.com//citations?hl=en&user=FLkiCxMAAAAJ
195,Md Sohel Ahommed,https://scholar.google.com//citations?hl=en&user=cuzlLqQAAAAJ
196,Maryam Kebbe,https://scholar.google.com//citations?hl=en&user=kWo1D1gAAAAJ
197,Robert Kingdon,https://scholar.google.com//citations?hl=en&user=eFWyAl8AAAAJ
198,Sajjad Dadkhah,https://scholar.google.com//citations?hl=en&user=ONkgUJAAAAAJ
199,Hamidreza Parsimehr,https://scholar.google.com//citations?hl=en&user=wNK6nnsAAAAJ
200,Florea (Florin) Marica,https://scholar.google.com//citations?hl=en&user=muWqpNQAAAAJ
201,Daniel J. Rea,https://scholar.google.com//citations?hl=en&user=0wv5PIQAAAAJ
202,Sajad Shakerin,https://scholar.google.com//citations?hl=en&user=tDpoNT0AAAAJ
203,Anne Cremazy,https://scholar.google.com//citations?hl=en&user=Te2vObwAAAAJ
204,Ayda Shahriari,https://scholar.google.com//citations?hl=en&user=aTQE7y8AAAAJ
205,Yunguo Guan,https://scholar.google.com//citations?hl=en&user=S7m_fUwAAAAJ
206,Casey Burkholder,https://scholar.google.com//citations?hl=en&user=hS3aiWUAAAAJ
207,David Speed,https://scholar.google.com//citations?hl=en&user=3Xbw9c4AAAAJ
208,Abdullah J. Alzahrani,https://scholar.google.com//citations?hl=en&user=sPu9jCoAAAAJ
209,Dr. Muhammad Irfan Ashraf,https://scholar.google.com//citations?hl=en&user=71CrUEgAAAAJ
210,Michael van Zyll de Jong,https://scholar.google.com//citations?hl=en&user=vUxBsOYAAAAJ
211,Colin Curry,https://scholar.google.com//citations?hl=en&user=oFXnxjUAAAAJ
212,Martha Paynter,https://scholar.google.com//citations?hl=en&user=kODXLdIAAAAJ
213,Pezhman Ramezani,https://scholar.google.com//citations?hl=en&user=1aB4CGAAAAAJ
214,Emilie Lacroix,https://scholar.google.com//citations?hl=en&user=gE8ZTtwAAAAJ
215,Dr Rajni Parmar,https://scholar.google.com//citations?hl=en&user=5vdROmkAAAAJ
216,David S. Busolo,https://scholar.google.com//citations?hl=en&user=trChbzsAAAAJ
217,Landon Urquhart,https://scholar.google.com//citations?hl=en&user=ZFPvOo0AAAAJ
218,Wan Li,https://scholar.google.com//citations?hl=en&user=KDhMWYQAAAAJ
219,Evan Campbell,https://scholar.google.com//citations?hl=en&user=3viQ0uwAAAAJ
220,Antóin M. O'Sullivan,https://scholar.google.com//citations?hl=en&user=-O4c9IgAAAAJ
221,MING LI,https://scholar.google.com//citations?hl=en&user=bI4Eq58AAAAJ
222,M. Willis Monroe,https://scholar.google.com//citations?hl=en&user=XYfViLMAAAAJ
223,Trevor Hanson,https://scholar.google.com//citations?hl=en&user=B6W35fQAAAAJ
224,Ken Brien,https://scholar.google.com//citations?hl=en&user=pdELVBYAAAAJ
225,Amanda Benjamin,https://scholar.google.com//citations?hl=en&user=8OXN-5AAAAAJ
226,David C. Hofmann,https://scholar.google.com//citations?hl=en&user=5OfppNIAAAAJ
227,Karen Sullenger,https://scholar.google.com//citations?hl=en&user=PYA23mUAAAAJ
228,Babak Shirani,https://scholar.google.com//citations?hl=en&user=Xl0XhW4AAAAJ
229,Nicola McHale,https://scholar.google.com//citations?hl=en&user=uQ7f7DEAAAAJ
230,Liang Chen,https://scholar.google.com//citations?hl=en&user=EFdmzyYAAAAJ
231,Oscar Venter,https://scholar.google.com//citations?hl=en&user=Ih5f79MAAAAJ
232,Kenneth Prkachin,https://scholar.google.com//citations?hl=en&user=lp16BeMAAAAJ
233,Kevin Hall,https://scholar.google.com//citations?hl=en&user=XEwDS-AAAAAJ
234,Philip J. Burton,https://scholar.google.com//citations?hl=en&user=p2Iea64AAAAJ
235,Philip N. Owens,https://scholar.google.com//citations?hl=en&user=rgbZp0cAAAAJ
236,Jianbing Li,https://scholar.google.com//citations?hl=en&user=sr10hHkAAAAJ
237,Hossein Kazemian,https://scholar.google.com//citations?hl=en&user=m0_aWlQAAAAJ
238,Brian Menounos,https://scholar.google.com//citations?hl=en&user=b4EIWisAAAAJ
239,Chris J Johnson,https://scholar.google.com//citations?hl=en&user=oklO5KYAAAAJ
240,Stephen J. Dery,https://scholar.google.com//citations?hl=en&user=5-hNZaMAAAAJ
241,Hugues Massicotte,https://scholar.google.com//citations?hl=en&user=Ay9OAwcAAAAJ
242,Joseph Shea,https://scholar.google.com//citations?hl=en&user=ptfb_rwAAAAJ
243,B Staffan Lindgren,https://scholar.google.com//citations?hl=en&user=scb4iZgAAAAJ
244,Martha MacLeod,https://scholar.google.com//citations?hl=en&user=OfdBGBMAAAAJ
245,Thomas Tannert,https://scholar.google.com//citations?hl=en&user=Du8caUYAAAAJ
246,Ken A. Otter,https://scholar.google.com//citations?hl=en&user=1-vKbAUAAAAJ
247,Dezene Huber,https://scholar.google.com//citations?hl=en&user=hn4rCVsAAAAJ
248,Sarah Gray,https://scholar.google.com//citations?hl=en&user=MUf7t5EAAAAJ
249,Paul Bowles,https://scholar.google.com//citations?hl=en&user=jcfaOjoAAAAJ
250,Russell C. Callaghan,https://scholar.google.com//citations?hl=en&user=TQnneLUAAAAJ
251,Deborah Roberts,https://scholar.google.com//citations?hl=en&user=UfFuhcoAAAAJ
252,Margot Parkes,https://scholar.google.com//citations?hl=en&user=71BaE78AAAAJ
253,Sybille Haeussler,https://scholar.google.com//citations?hl=en&user=WiUcC-kAAAAJ
254,Che Elkin,https://scholar.google.com//citations?hl=en&user=7jCth4IAAAAJ
255,Erin F. Baerwald,https://scholar.google.com//citations?hl=en&user=_1tfmzsAAAAJ
256,Eduardo G. Martins,https://scholar.google.com//citations?hl=en&user=yGjk2M4AAAAJ
257,Youmin Tang,https://scholar.google.com//citations?hl=en&user=JabwnaQAAAAJ
258,Michelle Venter (Noel),https://scholar.google.com//citations?hl=en&user=Fc6uvbEAAAAJ
259,Annie Duchesne,https://scholar.google.com//citations?hl=en&user=wgFocXIAAAAJ
260,Neil Hanlon,https://scholar.google.com//citations?hl=en&user=jhTax4gAAAAJ
261,Gail Fondahl,https://scholar.google.com//citations?hl=en&user=pRkeCkQAAAAJ
262,Chow H Lee,https://scholar.google.com//citations?hl=en&user=aKrZI7AAAAAJ
263,Davina Banner,https://scholar.google.com//citations?hl=en&user=gtEaYxkAAAAJ
264,Taru Manyanga,https://scholar.google.com//citations?hl=en&user=DnMBs_AAAAAJ
265,Fiona MacPhail,https://scholar.google.com//citations?hl=en&user=NZB-8REAAAAJ
266,Dr. Shannon Freeman,https://scholar.google.com//citations?hl=en&user=V2hkTFwAAAAJ
267,Lela Zimmer,https://scholar.google.com//citations?hl=en&user=d9u5IoIAAAAJ
268,Nikolaus Gantner PhD,https://scholar.google.com//citations?hl=en&user=9ZyBll4AAAAJ
269,Andrew C Giles,https://scholar.google.com//citations?hl=en&user=H5lrfS4AAAAJ
270,Sherry Beaumont,https://scholar.google.com//citations?hl=en&user=z1up9R8AAAAJ
271,Geoffrey Payne,https://scholar.google.com//citations?hl=en&user=gU5cvawAAAAJ
272,Heather Bryan,https://scholar.google.com//citations?hl=en&user=fHeYDs4AAAAJ
273,Chelsea Pelletier,https://scholar.google.com//citations?hl=en&user=UKAnWyoAAAAJ
274,Ian Hartley,https://scholar.google.com//citations?hl=en&user=yMc66oEAAAAJ
275,Rebecca Schiff,https://scholar.google.com//citations?hl=en&user=IV9cxPgAAAAJ
276,Kevin J. Keen,https://scholar.google.com//citations?hl=en&user=A51e6GnRR1sC
277,Blake Hawkins,https://scholar.google.com//citations?hl=en&user=NqfcP3kAAAAJ
278,Maurício Dziedzic,https://scholar.google.com//citations?hl=en&user=YAHW85cAAAAJ
279,Samuel F. Bartels,https://scholar.google.com//citations?hl=en&user=nN9DKKEAAAAJ
280,Jonathan A. Cale,https://scholar.google.com//citations?hl=en&user=QRB4eMEAAAAJ
281,Danie Erasmus,https://scholar.google.com//citations?hl=en&user=Z0WDLXcAAAAJ
282,Todd Whitcombe,https://scholar.google.com//citations?hl=en&user=eupvsKEAAAAJ
283,Brandon J Baerwald,https://scholar.google.com//citations?hl=en&user=bfK2znIAAAAJ
284,Mark Groulx,https://scholar.google.com//citations?hl=en&user=6Ya0ym4AAAAJ
285,Andrea Gingerich,https://scholar.google.com//citations?hl=en&user=q7bNPk8AAAAJ
286,Jianhui Zhou,https://scholar.google.com//citations?hl=en&user=E-8JIkwAAAAJ
287,Wenbo Zheng,https://scholar.google.com//citations?hl=en&user=U46ppBYAAAAJ
288,Philippe Henry,https://scholar.google.com//citations?hl=en&user=8K9-3PsAAAAJ
289,Mamdouh M. Shubair,https://scholar.google.com//citations?hl=en&user=HE91sAwAAAAJ
290,Jing Chen,https://scholar.google.com//citations?hl=en&user=DucDy5EAAAAJ
291,Roseann Larstone,https://scholar.google.com//citations?hl=en&user=DCoYYTMAAAAJ
292,Asif Iqbal,https://scholar.google.com//citations?hl=en&user=zq-dKKsAAAAJ
293,ZA Meletis,https://scholar.google.com//citations?hl=en&user=nawlx1AAAAAJ
294,Trina Fyfe,https://scholar.google.com//citations?hl=en&user=LRHfkVIAAAAJ
295,Md. Abdul Momen,https://scholar.google.com//citations?hl=en&user=_BDE-EgAAAAJ
296,Roy V. Rea,https://scholar.google.com//citations?hl=en&user=sOO4vgIAAAAJ
297,Gary Wilson,https://scholar.google.com//citations?hl=en&user=svEJiT0AAAAJ
298,Xin Ge,https://scholar.google.com//citations?hl=en&user=C9WqnfIAAAAJ
299,Todd French,https://scholar.google.com//citations?hl=en&user=JXyy2v0AAAAJ
300,Siraj Ul Islam,https://scholar.google.com//citations?hl=en&user=IYMoJpsAAAAJ
301,Rajeev Pillay,https://scholar.google.com//citations?hl=en&user=qHy-XXAAAAAJ
302,"Saeed Bagherifam (PhD, Mitacs Industrial Postdoctoral Fellow)",https://scholar.google.com//citations?hl=en&user=SK4-XzMAAAAJ
303,Shannon Crowley,https://scholar.google.com//citations?hl=en&user=yedkiiEAAAAJ
304,Sam Albers,https://scholar.google.com//citations?hl=en&user=UGXIk_cAAAAJ
305,Alex Fraess-Phillips,https://scholar.google.com//citations?hl=en&user=hQxytGMAAAAJ
306,Michael D. Preston,https://scholar.google.com//citations?hl=en&user=BO2z_2AAAAAJ
307,Juan Pablo Ramírez-Delgado,https://scholar.google.com//citations?hl=en&user=trdjNdgAAAAJ
308,Nicole Sukdeo,https://scholar.google.com//citations?hl=en&user=JVO9BbEAAAAJ
309,Kafui Monu,https://scholar.google.com//citations?hl=en&user=mxJG7AIAAAAJ
310,Damanpreet K Kandola,https://scholar.google.com//citations?hl=en&user=mqwAcrYAAAAJ
311,Christina Tennant,https://scholar.google.com//citations?hl=en&user=cVdY4XIAAAAJ
312,Dexter Hodder,https://scholar.google.com//citations?hl=en&user=lxPd_R4AAAAJ
313,Alex Aravind,https://scholar.google.com//citations?hl=en&user=F6DrkCEAAAAJ
314,Mohammad Raoufi,https://scholar.google.com//citations?hl=en&user=UH_bWycAAAAJ
315,k guest,https://scholar.google.com//citations?hl=en&user=MHQ0UScAAAAJ
316,Khawaja Faran Ali,https://scholar.google.com//citations?hl=en&user=pi3DfJkAAAAJ
317,Mohamadtaghi Rahimi,https://scholar.google.com//citations?hl=en&user=TaM0OoMAAAAJ
318,Dr. Philip M. Mullins,https://scholar.google.com//citations?hl=en&user=ERAjiQUAAAAJ
319,Lisa J Wood,https://scholar.google.com//citations?hl=en&user=NflnGOIAAAAJ
320,Ibrahim Dincer,https://scholar.google.com//citations?hl=en&user=mLx9ZO0AAAAJ
321,Alexander Serenko,https://scholar.google.com//citations?hl=en&user=JsAVCxwAAAAJ
322,Tarlochan Sidhu,https://scholar.google.com//citations?hl=en&user=PZ1YMWUAAAAJ
323,Shahram Shahbazpanahi,https://scholar.google.com//citations?hl=en&user=-kZ8x08AAAAJ
324,Igor Pioro,https://scholar.google.com//citations?hl=en&user=0Tdtu0QAAAAJ
325,Janette Hughes,https://scholar.google.com//citations?hl=en&user=BeI-ecIAAAAJ
326,Ebrahim Esmailzadeh,https://scholar.google.com//citations?hl=en&user=n-JA7sAAAAAJ
327,Calin Zamfirescu,https://scholar.google.com//citations?hl=en&user=6UA3TncAAAAJ
328,Stephen Marsh,https://scholar.google.com//citations?hl=en&user=Qz73wh4AAAAJ
329,Mark Green,https://scholar.google.com//citations?hl=en&user=SwOrQsQAAAAJ
330,Bill Kapralos,https://scholar.google.com//citations?hl=en&user=Gud0RdcAAAAJ
331,khalil El-Khatib,https://scholar.google.com//citations?hl=en&user=vh-Jw1cAAAAJ
332,Richard W. Pazzi,https://scholar.google.com//citations?hl=en&user=22VuJgIAAAAJ
333,Walid G. Morsi Ibrahim,https://scholar.google.com//citations?hl=en&user=ntIg93QAAAAJ
334,Toba Bryant,https://scholar.google.com//citations?hl=en&user=XGfJEUQAAAAJ
335,Lindsay C Malloy,https://scholar.google.com//citations?hl=en&user=OhgyTmkAAAAJ
336,J. Mikael Eklund,https://scholar.google.com//citations?hl=en&user=-_Aoa6EAAAAJ
337,shilpa dogra,https://scholar.google.com//citations?hl=en&user=fHKiSycAAAAJ
338,Janice Strap,https://scholar.google.com//citations?hl=en&user=CO-q9VsAAAAJ
339,Julie Thorpe,https://scholar.google.com//citations?hl=en&user=Y2AMRwEAAAAJ
340,Gary Genosko,https://scholar.google.com//citations?hl=en&user=26HocbIAAAAJ
341,Mehran Ebrahimi,https://scholar.google.com//citations?hl=en&user=aNoW2O4AAAAJ
342,Ahmad Barari,https://scholar.google.com//citations?hl=en&user=uKzIeJ0AAAAJ
343,Atef Mohany,https://scholar.google.com//citations?hl=en&user=vxa2pb4AAAAJ
344,Dr. Emma Bartfay,https://scholar.google.com//citations?hl=en&user=AgaIegcAAAAJ
345,Ann LeSage,https://scholar.google.com//citations?hl=en&user=aM4tStEAAAAJ
346,Kimberley A. Clow,https://scholar.google.com//citations?hl=en&user=u8nX1IIAAAAJ
347,Andrew Hogue,https://scholar.google.com//citations?hl=en&user=kbB7RhUAAAAJ
348,Fedor Naumkin,https://scholar.google.com//citations?hl=en&user=zkiuLL4AAAAJ
349,Salma Karray,https://scholar.google.com//citations?hl=en&user=oyF2iHsAAAAJ
350,A. Grami,https://scholar.google.com//citations?hl=en&user=z46PgBAAAAAJ
351,Pejman Mirza-Babaei,https://scholar.google.com//citations?hl=en&user=MWbvxcMAAAAJ
352,Anthony Waker,https://scholar.google.com//citations?hl=en&user=kOjl4nYAAAAJ
353,Lennaert van Veen,https://scholar.google.com//citations?hl=en&user=89fHOQgAAAAJ
354,Laura Elizabeth Pinto,https://scholar.google.com//citations?hl=en&user=hv_1eUgAAAAJ
355,Reza Alipour Moghadam Esfahani,https://scholar.google.com//citations?hl=en&user=Et7ahnMAAAAJ
356,Nooshin Khobzi Rotondi,https://scholar.google.com//citations?hl=en&user=XHg13aMAAAAJ
357,James Walsh,https://scholar.google.com//citations?hl=en&user=0dmSWe8AAAAJ
358,Franco Gaspari,https://scholar.google.com//citations?hl=en&user=K9HduhsAAAAJ
359,Najath Abdul Azeez,https://scholar.google.com//citations?hl=en&user=f0C8WQ8AAAAJ
360,Amirali Salehi-Abari,https://scholar.google.com//citations?hl=en&user=StJKkk0AAAAJ
361,stuart self,https://scholar.google.com//citations?hl=en&user=O4VCU2oAAAAJ
362,"Azzam Abu Rayash, PhD, PMP, CEM, CRE",https://scholar.google.com//citations?hl=en&user=06cnQuIAAAAJ
363,Christopher D. O'Connor,https://scholar.google.com//citations?hl=en&user=AcEFmfwAAAAJ
364,Michael Bliemel,https://scholar.google.com//citations?hl=en&user=VjfbATkAAAAJ
365,William M. Goodman,https://scholar.google.com//citations?hl=en&user=ajGktXIAAAAJ
366,Ying Jiang,https://scholar.google.com//citations?hl=en&user=SJXth2MAAAAJ
367,Jia Li,https://scholar.google.com//citations?hl=en&user=5l5oRXoAAAAJ
368,Ying Zhu,https://scholar.google.com//citations?hl=en&user=wOFUwYIAAAAJ
369,"Arshia U. Zaidi, PhD",https://scholar.google.com//citations?hl=en&user=ssQ0ttoAAAAJ
370,Roland van Oostveen,https://scholar.google.com//citations?hl=en&user=zPpX5G8AAAAJ
371,HS Hamut,https://scholar.google.com//citations?hl=en&user=Bzo2P_UAAAAJ
372,Wesley Crichlow,https://scholar.google.com//citations?hl=en&user=xOkf4QEAAAAJ
373,Reza Alipour Moghadam Esfahani,https://scholar.google.com//citations?hl=en&user=RQ_wjm4AAAAJ
374,Matthew K Gray,https://scholar.google.com//citations?hl=en&user=TyoxPAIAAAAJ
375,Mert Temiz,https://scholar.google.com//citations?hl=en&user=sBmfr2oAAAAJ
376,Ronald Owen Hinch,https://scholar.google.com//citations?hl=en&user=HUHg47sAAAAJ
377,Amirali Lalehpour,https://scholar.google.com//citations?hl=en&user=TeRLRewAAAAJ
378,Amirmohammad Ghandehariun,https://scholar.google.com//citations?hl=en&user=DjaH00YAAAAJ
379,Deepa Vincent,https://scholar.google.com//citations?hl=en&user=JPu-qbMAAAAJ
380,Gordon JG Asmundson,https://scholar.google.com//citations?hl=en&user=8WabYfsAAAAJ
381,"Yiyu Yao (YY Yao, 姚一豫)",https://scholar.google.com//citations?hl=en&user=_aL0fcQAAAAJ
382,Mauricio Barbi,https://scholar.google.com//citations?hl=en&user=GFuuJY0AAAAJ
383,Paitoon (PT) Tontiwachwuthikul,https://scholar.google.com//citations?hl=en&user=7sB0sckAAAAJ
384,Peter R. Leavitt,https://scholar.google.com//citations?hl=en&user=uWu5Cd0AAAAJ
385,R. Nicholas Carleton,https://scholar.google.com//citations?hl=en&user=nS-yQa8AAAAJ
386,Garth M. Huber,https://scholar.google.com//citations?hl=en&user=Jt3vhnAAAAAJ
387,Mark Brigham,https://scholar.google.com//citations?hl=en&user=McipQJYAAAAJ
388,Thomas Hadjistavropoulos,https://scholar.google.com//citations?hl=en&user=CXLyQtsAAAAJ
389,George Lolos,https://scholar.google.com//citations?hl=en&user=MgccfrMAAAAJ
390,Heather Hadjistavropoulos,https://scholar.google.com//citations?hl=en&user=QcK8uaEAAAAJ
391,edward mathie,https://scholar.google.com//citations?hl=en&user=nsOEMFUAAAAJ
392,Zisis Papandreou,https://scholar.google.com//citations?hl=en&user=DJGwJB0AAAAJ
393,Mohan Babu,https://scholar.google.com//citations?hl=en&user=DnNekL0AAAAJ
394,Howard J Hamilton,https://scholar.google.com//citations?hl=en&user=S8kGH3cAAAAJ
395,JingTao Yao (姚静涛),https://scholar.google.com//citations?hl=en&user=WHpY3ogAAAAJ
396,Darren G. Candow,https://scholar.google.com//citations?hl=en&user=iUYFaeoAAAAJ
397,YONGAN GU,https://scholar.google.com//citations?hl=en&user=pqruC9wAAAAJ
398,Donald Sharpe,https://scholar.google.com//citations?hl=en&user=ucEDAXsAAAAJ
399,Daoyong Tony Yang,https://scholar.google.com//citations?hl=en&user=_i2lWXgAAAAJ
400,Guoxiang Chi,https://scholar.google.com//citations?hl=en&user=ThfNtxYAAAAJ
401,Hairuo Qing,https://scholar.google.com//citations?hl=en&user=efNhU_cAAAAJ
402,Golam Kabir,https://scholar.google.com//citations?hl=en&user=EELqcggAAAAJ
403,christine chan,https://scholar.google.com//citations?hl=en&user=VJgkIMgAAAAJ
404,Amr Henni,https://scholar.google.com//citations?hl=en&user=mEilmp8AAAAJ
405,Mark Vanderwel,https://scholar.google.com//citations?hl=en&user=ae9BHDAAAAAJ
406,Daniel Gagnon,https://scholar.google.com//citations?hl=en&user=QD5_xnkAAAAJ
407,Kerri Finlay,https://scholar.google.com//citations?hl=en&user=xHuBg04AAAAJ
408,Christopher Yost,https://scholar.google.com//citations?hl=en&user=mT0WrKgAAAAJ
409,Shaun Fallat,https://scholar.google.com//citations?hl=en&user=ga7IqwUAAAAJ
410,Fanhua(Bill) Zeng,https://scholar.google.com//citations?hl=en&user=WnuKm8UAAAAJ
411,Michelle M. Paluszek,https://scholar.google.com//citations?hl=en&user=CMqf1lYAAAAJ
412,Andrew DS Cameron,https://scholar.google.com//citations?hl=en&user=7XHhgCIAAAAJ
413,Caeleigh A. Landry,https://scholar.google.com//citations?hl=en&user=eM3axtkAAAAJ
414,Christopher M. Somers,https://scholar.google.com//citations?hl=en&user=kCgAT_gAAAAJ
415,Britt D. Hall,https://scholar.google.com//citations?hl=en&user=-ozc9BUAAAAJ
416,Anezka Popovski Kolaceke,https://scholar.google.com//citations?hl=en&user=a9sVVgcAAAAJ
417,YEE-CHUNG JIN,https://scholar.google.com//citations?hl=en&user=3kjQl3cAAAAJ
418,Sharfuddin Ahmed Khan,https://scholar.google.com//citations?hl=en&user=oV_EKlEAAAAJ
419,Dr. Kristi D. Wright,https://scholar.google.com//citations?hl=en&user=6cMCroEAAAAJ
420,Samantha M. Lawler,https://scholar.google.com//citations?hl=en&user=u8xo0zkAAAAJ
421,Gina Grandy,https://scholar.google.com//citations?hl=en&user=nIYyKaMAAAAJ
422,Amber Fletcher,https://scholar.google.com//citations?hl=en&user=oVTAZe8AAAAJ
423,Gwen Grinyer,https://scholar.google.com//citations?hl=en&user=tQlumGoAAAAJ
424,John Stavrinides,https://scholar.google.com//citations?hl=en&user=7rrbrxgAAAAJ
425,Robert B Anderson,https://scholar.google.com//citations?hl=en&user=0cV-IbgAAAAJ
426,Raman Paranjape,https://scholar.google.com//citations?hl=en&user=OVK6i1wAAAAJ
427,Tzu-Chiao Chao,https://scholar.google.com//citations?hl=en&user=FTmoWSIAAAAJ
428,Larena Hoeber,https://scholar.google.com//citations?hl=en&user=X9i_IOMAAAAJ
429,Leslie James Robbins,https://scholar.google.com//citations?hl=en&user=1G2fKXUAAAAJ
430,Cory Butz,https://scholar.google.com//citations?hl=en&user=GTO6L98AAAAJ
431,Kin Choong Yow,https://scholar.google.com//citations?hl=en&user=V_BRi4gAAAAJ
432,Nashid Shahriar,https://scholar.google.com//citations?hl=en&user=m0Rgj0gAAAAJ
433,Giorgio Papini,https://scholar.google.com//citations?hl=en&user=oIpaG9wAAAAJ
434,Rick Ruddell,https://scholar.google.com//citations?hl=en&user=o9W6g2AAAAAJ
435,Cory M. Widdifield,https://scholar.google.com//citations?hl=en&user=MK_Az9AAAAAJ
436,Andrei Volodin,https://scholar.google.com//citations?hl=en&user=Oasn1L0AAAAJ
437,Amgad Salama,https://scholar.google.com//citations?hl=en&user=3SkXkb0AAAAJ
438,Chun-Hua Guo,https://scholar.google.com//citations?hl=en&user=vd3DljgAAAAJ
439,Satish C Sharma,https://scholar.google.com//citations?hl=en&user=blxeO70AAAAJ
440,Joyce M. McBeth,https://scholar.google.com//citations?hl=en&user=IiLFNNkAAAAJ
441,Raven Sinclair,https://scholar.google.com//citations?hl=en&user=h3CO8TIAAAAJ
442,Cameron S Mang,https://scholar.google.com//citations?hl=en&user=Eg4Q3ZgAAAAJ
443,"Chikezie (Kezi) Nwaoha, Ph.D., P.Eng.",https://scholar.google.com//citations?hl=en&user=_uRdzLoAAAAJ
444,Orland Hoeber,https://scholar.google.com//citations?hl=en&user=ffjlLQUAAAAJ
445,Kelvin Tsun Wai Ng,https://scholar.google.com//citations?hl=en&user=Jur_RvMAAAAJ
446,Yao Yao,https://scholar.google.com//citations?hl=en&user=864rdGkAAAAJ
447,Katherine McMillan,https://scholar.google.com//citations?hl=en&user=o0PnORUAAAAJ
448,Tanya Dahms,https://scholar.google.com//citations?hl=en&user=zcy4KXgAAAAJ
449,Shahid Azam,https://scholar.google.com//citations?hl=en&user=omQgac4AAAAJ
450,Rene V. Mayorga,https://scholar.google.com//citations?hl=en&user=22boDtMAAAAJ
451,Shadi Beshai,https://scholar.google.com//citations?hl=en&user=S6qBaxEAAAAJ
452,Katya Herman,https://scholar.google.com//citations?hl=en&user=Q8THencAAAAJ
453,Dae-Yeon Suh,https://scholar.google.com//citations?hl=en&user=VIfxepsAAAAJ
454,Guanhui Cheng,https://scholar.google.com//citations?hl=en&user=NiI5VwcAAAAJ
455,Sandra Zilles,https://scholar.google.com//citations?hl=en&user=gkUY7QMAAAAJ
456,Mathew Fetzner,https://scholar.google.com//citations?hl=en&user=q98RNFQAAAAJ
457,Alla Gagarinova,https://scholar.google.com//citations?hl=en&user=Ox9vFP8AAAAJ
458,Sean Tucker,https://scholar.google.com//citations?hl=en&user=OgBA1BsAAAAJ
459,Mohammad Ghiasi,https://scholar.google.com//citations?hl=en&user=xowoLU4AAAAJ
460,Maria Isabel Velez,https://scholar.google.com//citations?hl=en&user=z9U8a_gAAAAJ
461,Rebecca Genoe,https://scholar.google.com//citations?hl=en&user=jr1pQEsAAAAJ
462,Lei Zhang,https://scholar.google.com//citations?hl=en&user=ExhZGeAAAAAJ
463,Dr. Sadanandam Gullapelli,https://scholar.google.com//citations?hl=en&user=e0eS-kgAAAAJ
464,Waseem Ahmed,https://scholar.google.com//citations?hl=en&user=Eau5mYAAAAAJ
465,Jennifer L. Gordon,https://scholar.google.com//citations?hl=en&user=6Hq_TYkAAAAJ
466,John Barden,https://scholar.google.com//citations?hl=en&user=qeRpTt8AAAAJ
467,Amy Zarzeczny,https://scholar.google.com//citations?hl=en&user=z5umMr8AAAAJ
468,Murray Abrams,https://scholar.google.com//citations?hl=en&user=sHw5PP4AAAAJ
469,Kathleen McNutt,https://scholar.google.com//citations?hl=en&user=UFvszH0AAAAJ
470,Matthew Jessulat,https://scholar.google.com//citations?hl=en&user=SP9vAI8AAAAJ
471,Aram Teymurazyan,https://scholar.google.com//citations?hl=en&user=6bf6FKkAAAAJ
472,Chris Oriet,https://scholar.google.com//citations?hl=en&user=AJD7Y5kAAAAJ
473,Irfan Al-Anbagi,https://scholar.google.com//citations?hl=en&user=7vgT1rAAAAAJ
474,Brian Sterenberg,https://scholar.google.com//citations?hl=en&user=FCBAW18AAAAJ
475,Nicole Hansmeier,https://scholar.google.com//citations?hl=en&user=3mlsEA4AAAAJ
476,Magdalena Cismaru,https://scholar.google.com//citations?hl=en&user=YgCE2O8AAAAJ
477,Renata Raina-Fulton,https://scholar.google.com//citations?hl=en&user=B6jQKScAAAAJ
478,Abdul Bais,https://scholar.google.com//citations?hl=en&user=eP3pEcAAAAAJ
479,Bridget Klest,https://scholar.google.com//citations?hl=en&user=WTh3GvkAAAAJ
480,Yasser Morgan,https://scholar.google.com//citations?hl=en&user=fiEwbtwAAAAJ
481,Amy Richter,https://scholar.google.com//citations?hl=en&user=dvET0tAAAAAJ
482,Sophie Duranceau,https://scholar.google.com//citations?hl=en&user=quBXa6kAAAAJ
483,Xiang Zhou,https://scholar.google.com//citations?hl=en&user=Vt6WS-EAAAAJ
484,Dale Storie,https://scholar.google.com//citations?hl=en&user=BKlhsqQAAAAJ
485,Andre Magnan,https://scholar.google.com//citations?hl=en&user=uS63hwIAAAAJ
486,Sultan Ahmed,https://scholar.google.com//citations?hl=en&user=jVAQ7LgAAAAJ
487,Katherine M Robinson,https://scholar.google.com//citations?hl=en&user=5xHzmhkAAAAJ
488,SD Jacob Muthu,https://scholar.google.com//citations?hl=en&user=xWR5NswAAAAJ
489,NIkolay Kolev,https://scholar.google.com//citations?hl=en&user=_IBKf3gAAAAJ
490,Cong Dong,https://scholar.google.com//citations?hl=en&user=_VLWszQAAAAJ
491,Osman Salad Hersi,https://scholar.google.com//citations?hl=en&user=G3gUc_UAAAAJ
492,Laleh Jamshidi,https://scholar.google.com//citations?hl=en&user=7vZNusIAAAAJ
493,Caitlin Bakker,https://scholar.google.com//citations?hl=en&user=aePQCV4AAAAJ
494,Sixu (Cody) Zheng,https://scholar.google.com//citations?hl=en&user=U0HMz0wAAAAJ
495,Zhanle Wang,https://scholar.google.com//citations?hl=en&user=ZA8jJVcAAAAJ
496,Karen Meagher,https://scholar.google.com//citations?hl=en&user=k77bAb8AAAAJ
497,Joseph Herbert,https://scholar.google.com//citations?hl=en&user=L4ahLR0AAAAJ
498,Xiaofei Deng,https://scholar.google.com//citations?hl=en&user=N8aGA9cAAAAJ
499,Tom McIntosh,https://scholar.google.com//citations?hl=en&user=GfEckd4AAAAJ
500,Alec Couros,https://scholar.google.com//citations?hl=en&user=_lo-34oAAAAJ
501,Justin Longo,https://scholar.google.com//citations?hl=en&user=wsFRIB4AAAAJ
502,Pali Rosha,https://scholar.google.com//citations?hl=en&user=YeAuVKoAAAAJ
503,Jean-Marie Nkongolo-Bakenda,https://scholar.google.com//citations?hl=en&user=Qmq0N40AAAAJ
504,Hoang Lan Vu,https://scholar.google.com//citations?hl=en&user=Cix8B5sAAAAJ
505,Mohammad Zare,https://scholar.google.com//citations?hl=en&user=SI7EZ1UAAAAJ
506,Joan Wagner,https://scholar.google.com//citations?hl=en&user=U-xGW2EAAAAJ
507,Xiong Zhou,https://scholar.google.com//citations?hl=en&user=HqMRLEMAAAAJ
508,"Rennie, Morina",https://scholar.google.com//citations?hl=en&user=B7MTPSEAAAAJ
509,Michelle JN Teale Sapach,https://scholar.google.com//citations?hl=en&user=H9MI5aIAAAAJ
510,Andrew D. Eaton,https://scholar.google.com//citations?hl=en&user=kWzriKQAAAAJ
511,holly parkerson,https://scholar.google.com//citations?hl=en&user=6ukvJ30AAAAJ
512,R. Scott Murphy,https://scholar.google.com//citations?hl=en&user=IDEolTsAAAAJ
513,"Abayomi J. Akande, MBA, PhD, P.Eng",https://scholar.google.com//citations?hl=en&user=CxlvNMgAAAAJ
514,Luke Schneider,https://scholar.google.com//citations?hl=en&user=8G-jvOIAAAAJ
515,Yuchao Zhu,https://scholar.google.com//citations?hl=en&user=ABJytI8AAAAJ
516,D. Paudyal,https://scholar.google.com//citations?hl=en&user=Kkj7Lm4AAAAJ
517,Khaled A. Aly,https://scholar.google.com//citations?hl=en&user=9UU8n0YAAAAJ
518,Jinkai Xue (薛锦凯),https://scholar.google.com//citations?hl=en&user=6vfare0AAAAJ
519,Shela Hirani,https://scholar.google.com//citations?hl=en&user=6_2v3q8AAAAJ
520,Tsilavo Raharimahefa,https://scholar.google.com//citations?hl=en&user=AZzH5mMAAAAJ
521,Aziz Douai,https://scholar.google.com//citations?hl=en&user=ucEfSjsAAAAJ
522,JoAnn Jaffe,https://scholar.google.com//citations?hl=en&user=MlucmNEAAAAJ
523,Vanderlinde EM,https://scholar.google.com//citations?hl=en&user=xinS02AAAAAJ
524,Rachel Krakauer,https://scholar.google.com//citations?hl=en&user=0g6vAhUAAAAJ
525,Trevor Len,https://scholar.google.com//citations?hl=en&user=J8OTpOMAAAAJ
526,GP Kratzig,https://scholar.google.com//citations?hl=en&user=XGjGQ8oAAAAJ
527,Adam Vaughan,https://scholar.google.com//citations?hl=en&user=UNdX48MAAAAJ
528,Fatima Pirbhai-Illich,https://scholar.google.com//citations?hl=en&user=OSeb2t0AAAAJ
529,Farzana Anowar,https://scholar.google.com//citations?hl=en&user=rpstTDQAAAAJ
530,Vanessa Mathews,https://scholar.google.com//citations?hl=en&user=tu6vAEYAAAAJ
531,Andrea Sterzuk,https://scholar.google.com//citations?hl=en&user=AONPKskAAAAJ
532,Nader Mobed,https://scholar.google.com//citations?hl=en&user=4QW4UNsAAAAJ
533,Richard MacLennan,https://scholar.google.com//citations?hl=en&user=hLLnIm8AAAAJ
534,Erica Carleton,https://scholar.google.com//citations?hl=en&user=4RALPUMAAAAJ
535,Sunyoung Kim,https://scholar.google.com//citations?hl=en&user=kr13Z5EAAAAJ
536,K. Huang,https://scholar.google.com//citations?hl=en&user=sIoZXdgAAAAJ
537,Emily Eaton,https://scholar.google.com//citations?hl=en&user=DIl2Di4AAAAJ
538,Raymond Blake,https://scholar.google.com//citations?hl=en&user=fFLbtDQAAAAJ
539,randy widdis,https://scholar.google.com//citations?hl=en&user=xmYqJtEAAAAJ
540,Leah Chibwe,https://scholar.google.com//citations?hl=en&user=KjDQwV4AAAAJ
541,Seyed Ahmad Mojallal,https://scholar.google.com//citations?hl=en&user=W8CQXZsAAAAJ
542,Cristyne Hebert,https://scholar.google.com//citations?hl=en&user=7D2hPEkAAAAJ
543,Yogesh Sharma,https://scholar.google.com//citations?hl=en&user=LeJKVW4AAAAJ
544,Zhongwei Du,https://scholar.google.com//citations?hl=en&user=3--e3uwAAAAJ
545,Daniel Peluso,https://scholar.google.com//citations?hl=en&user=lTGpSvgAAAAJ
546,Sheila Petty,https://scholar.google.com//citations?hl=en&user=aIDNYW0AAAAJ
547,Brett Dolter,https://scholar.google.com//citations?hl=en&user=SNf85KkAAAAJ
548,Mohamed Taha Moutaoufik,https://scholar.google.com//citations?hl=en&user=R8GjvUcAAAAJ
549,Herbert Korté,https://scholar.google.com//citations?hl=en&user=QZc7ERgAAAAJ
550,Harminder Guliani,https://scholar.google.com//citations?hl=en&user=4VxIBk0AAAAJ
551,Eman Almehdawe,https://scholar.google.com//citations?hl=en&user=8Du5A-IAAAAJ
552,Deepak Tiwari,https://scholar.google.com//citations?hl=en&user=pI_FQCcAAAAJ
553,James Gacek,https://scholar.google.com//citations?hl=en&user=o-T-_OcAAAAJ
554,Julia Elizabeth Mason,https://scholar.google.com//citations?hl=en&user=v8D_LzkAAAAJ
555,Jianan Yin,https://scholar.google.com//citations?hl=en&user=gR-IiOUAAAAJ
556,Dianliang Deng,https://scholar.google.com//citations?hl=en&user=IsYVR7cAAAAJ
557,Yurong Jin,https://scholar.google.com//citations?hl=en&user=ThGmYBQAAAAJ
558,Amirhossein Motavali,https://scholar.google.com//citations?hl=en&user=gfc5hp4AAAAJ
559,Cong Gao,https://scholar.google.com//citations?hl=en&user=1G5TXggAAAAJ
560,Alexandre Blais,https://scholar.google.com//citations?hl=en&user=0n2D4lkAAAAJ
561,Marco Festa-Bianchet,https://scholar.google.com//citations?hl=en&user=Rd6-IboAAAAJ
562,Léon Sanche,https://scholar.google.com//citations?hl=en&user=zQhGWnAAAAAJ
563,Bill Shipley,https://scholar.google.com//citations?hl=en&user=X6GJ_zQAAAAJ
564,Mark Vellend,https://scholar.google.com//citations?hl=en&user=BKy5XSIAAAAJ
565,Stephen Cunnane,https://scholar.google.com//citations?hl=en&user=_VCLEFgAAAAJ
566,Francois Lamontagne,https://scholar.google.com//citations?hl=en&user=O_ZV7I4AAAAJ
567,Andre D Bandrauk,https://scholar.google.com//citations?hl=en&user=Vlx_qoEAAAAJ
568,Jean-Francois Beaulieu,https://scholar.google.com//citations?hl=en&user=YNDL3G8AAAAJ
569,Jacques Pepin,https://scholar.google.com//citations?hl=en&user=6QTZBkgAAAAJ
570,Louis Taillefer,https://scholar.google.com//citations?hl=en&user=RWE2aeEAAAAJ
571,"Brahim Benmokrane, P.Eng., Ph.D.",https://scholar.google.com//citations?hl=en&user=AY22bf4AAAAJ
572,Yue Zhao,https://scholar.google.com//citations?hl=en&user=V6ZNlZEAAAAJ
573,André Carpentier,https://scholar.google.com//citations?hl=en&user=6_PzBpQAAAAJ
574,Sophie Roux,https://scholar.google.com//citations?hl=en&user=9lMG2dQAAAAJ
575,Martin Fortin,https://scholar.google.com//citations?hl=en&user=JdY_QUgAAAAJ
576,Maxime Descoteaux,https://scholar.google.com//citations?hl=en&user=ohzG9ScAAAAJ
577,Benoit Chabot,https://scholar.google.com//citations?hl=en&user=zmhBmaUAAAAJ
578,Dominique Gravel,https://scholar.google.com//citations?hl=en&user=Mhwpk8wAAAAJ
579,Simon Fafard,https://scholar.google.com//citations?hl=en&user=HsHWTCEAAAAJ
580,Steve Jean,https://scholar.google.com//citations?hl=en&user=3UCPCUsAAAAJ
581,Pierre-Marc Jodoin,https://scholar.google.com//citations?hl=en&user=JM9-OOsAAAAJ
582,Andrzej Lasia,https://scholar.google.com//citations?hl=en&user=is1-38wAAAAJ
583,André Cantin,https://scholar.google.com//citations?hl=en&user=qw_6GO8AAAAJ
584,Catherine Hudon,https://scholar.google.com//citations?hl=en&user=zARQpZgAAAAJ
585,Rona Graham,https://scholar.google.com//citations?hl=en&user=5zoOc3kAAAAJ
586,Dany Garant,https://scholar.google.com//citations?hl=en&user=Fk-Ko7wAAAAJ
587,Eric H. Frost,https://scholar.google.com//citations?hl=en&user=-b_ua9kAAAAJ
588,Richard Fournier,https://scholar.google.com//citations?hl=en&user=zetmkCQAAAAJ
589,Serge Marchand,https://scholar.google.com//citations?hl=en&user=U9AkSBMAAAAJ
590,Norm O'Neill,https://scholar.google.com//citations?hl=en&user=l9JcrJYAAAAJ
591,Roger Lecomte,https://scholar.google.com//citations?hl=en&user=q6DzW_EAAAAJ
592,P. Fournier,https://scholar.google.com//citations?hl=en&user=q16cbvMAAAAJ
593,André-Marie Tremblay,https://scholar.google.com//citations?hl=en&user=d6-BP54AAAAJ
594,David Sénéchal,https://scholar.google.com//citations?hl=en&user=wxCtER0AAAAJ
595,Francois-Michel Boisvert,https://scholar.google.com//citations?hl=en&user=Csen8xQAAAAJ
596,Nicolas Doiron-Leyraud,https://scholar.google.com//citations?hl=en&user=Zzhg1u0AAAAJ
597,richard leduc,https://scholar.google.com//citations?hl=en&user=X6p2ax4AAAAJ
598,Louis Valiquette,https://scholar.google.com//citations?hl=en&user=LSwDtGIAAAAJ
599,Jean-Paul Jay-Gerin,https://scholar.google.com//citations?hl=en&user=zbXz8c4AAAAJ
600,Stephane Moreau,https://scholar.google.com//citations?hl=en&user=bqC3PMsAAAAJ
601,David Mathieu,https://scholar.google.com//citations?hl=en&user=viFlnSwAAAAJ
602,Vincent Aimez,https://scholar.google.com//citations?hl=en&user=0UlHYIkAAAAJ
603,Gallo-Payet Nicole,https://scholar.google.com//citations?hl=en&user=9a5qT3YAAAAJ
604,Max Hofheinz,https://scholar.google.com//citations?hl=en&user=v39Y_gUAAAAJ
605,Flavia De Angelis,https://scholar.google.com//citations?hl=en&user=G2NqAc0AAAAJ
606,Eric Masse,https://scholar.google.com//citations?hl=en&user=NniLHk8AAAAJ
607,Fanie Pelletier,https://scholar.google.com//citations?hl=en&user=xnshGTIAAAAJ
608,Patrick Paultre,https://scholar.google.com//citations?hl=en&user=HTnneJcAAAAJ
609,Jean-Patrice Baillargeon,https://scholar.google.com//citations?hl=en&user=95R1G3cAAAAJ
610,David Poulin,https://scholar.google.com//citations?hl=en&user=xO066hMAAAAJ
611,olivier lesur,https://scholar.google.com//citations?hl=en&user=DkLEDqsAAAAJ
612,Peter Moffett,https://scholar.google.com//citations?hl=en&user=WmLKbmsAAAAJ
613,Jean Mathieu,https://scholar.google.com//citations?hl=en&user=pIr_SoEAAAAJ
614,Claire M. Dubois,https://scholar.google.com//citations?hl=en&user=OvItDW8AAAAJ
615,Michel Tousignant,https://scholar.google.com//citations?hl=en&user=wRS1fDcAAAAJ
616,Robert Dumaine,https://scholar.google.com//citations?hl=en&user=taqNv6kAAAAJ
617,Alain Vanasse,https://scholar.google.com//citations?hl=en&user=aRE9YmgAAAAJ
618,Gilles Boire,https://scholar.google.com//citations?hl=en&user=LVrZnLMAAAAJ
619,Martin Lepage,https://scholar.google.com//citations?hl=en&user=BbNuvGgAAAAJ
620,"Martin Vallières, PhD",https://scholar.google.com//citations?hl=en&user=fRkjFK4AAAAJ
621,Regen Drouin,https://scholar.google.com//citations?hl=en&user=4RP803EAAAAJ
622,Pierre-Étienne Jacques,https://scholar.google.com//citations?hl=en&user=vQ9cTw0AAAAJ
623,Arezki Tagnit Hamou,https://scholar.google.com//citations?hl=en&user=8hsdNeUAAAAJ
624,Mélanie Levasseur,https://scholar.google.com//citations?hl=en&user=eVUMsrYAAAAJ
625,Florian Bentzinger,https://scholar.google.com//citations?hl=en&user=ebQHyWQAAAAJ
626,Guylain Boulay,https://scholar.google.com//citations?hl=en&user=xuGyY2UAAAAJ
627,F. Guillaume Blanchet,https://scholar.google.com//citations?hl=en&user=crGlBSEAAAAJ
628,Michèle Heitz,https://scholar.google.com//citations?hl=en&user=xGx6ccwAAAAJ
629,Sherif Abou Elela,https://scholar.google.com//citations?hl=en&user=0lT8y1YAAAAJ
630,Ibrahim Assem,https://scholar.google.com//citations?hl=en&user=lKmrwrAAAAAJ
631,Denis Gris,https://scholar.google.com//citations?hl=en&user=NHvQWWMAAAAJ
632,"Gamal Baroud, Ph.D., Professor",https://scholar.google.com//citations?hl=en&user=H3N5Qk4AAAAJ
633,Michelle S Scott,https://scholar.google.com//citations?hl=en&user=92E1xFIAAAAJ
634,Dominique Drouin,https://scholar.google.com//citations?hl=en&user=k8BMxEcAAAAJ
635,Marie Claude Ouimet,https://scholar.google.com//citations?hl=en&user=xq1rcjUAAAAJ
636,Brigitte Guerin,https://scholar.google.com//citations?hl=en&user=jAKpqA8AAAAJ
637,Philippe Apparicio,https://scholar.google.com//citations?hl=en&user=y39I8kkAAAAJ
638,Claude Bourbonnais,https://scholar.google.com//citations?hl=en&user=jzAsD1EAAAAJ
639,Claude Bourbonnais,https://scholar.google.com//citations?hl=en&user=j6ljriAAAAAJ
640,Christian Bocti,https://scholar.google.com//citations?hl=en&user=iufxeAQAAAAJ
641,Lynn Thomas,https://scholar.google.com//citations?hl=en&user=Y_vvhJUAAAAJ
642,Raymond Panneton,https://scholar.google.com//citations?hl=en&user=iVmpwpwAAAAJ
643,Mathieu L. Juan,https://scholar.google.com//citations?hl=en&user=0_NpKjcAAAAJ
644,Subburaj Ilangumaran,https://scholar.google.com//citations?hl=en&user=uTypCtIAAAAJ
645,Shengrui Wang,https://scholar.google.com//citations?hl=en&user=LrUajaoAAAAJ
646,Michel Grandbois,https://scholar.google.com//citations?hl=en&user=Ko2pUo4AAAAJ
647,Vincent Burrus,https://scholar.google.com//citations?hl=en&user=zQHey2cAAAAJ
648,Luc G Fréchette,https://scholar.google.com//citations?hl=en&user=qSHNEgYAAAAJ
649,Bertrand Reulet,https://scholar.google.com//citations?hl=en&user=rFJSmYMAAAAJ
650,Ammar Yahia,https://scholar.google.com//citations?hl=en&user=ve5L7oEAAAAJ
651,Michel Pioro-Ladrière,https://scholar.google.com//citations?hl=en&user=NYe4q18AAAAJ
652,Sebastien Rodrigue,https://scholar.google.com//citations?hl=en&user=NR3X2ZQAAAAJ
653,Patrick Boissy,https://scholar.google.com//citations?hl=en&user=qJzLGFUAAAAJ
654,Pierre Maheux,https://scholar.google.com//citations?hl=en&user=ypJ0rSQAAAAJ
655,Xavier Roucou,https://scholar.google.com//citations?hl=en&user=weQmcWkAAAAJ
656,Eric Marsault,https://scholar.google.com//citations?hl=en&user=Xe0WIsUAAAAJ
657,Celine Gueguen,https://scholar.google.com//citations?hl=en&user=2C2U8asAAAAJ
658,Sébastien Poncet,https://scholar.google.com//citations?hl=en&user=3OGXroAAAAAJ
659,Jean ROUAT,https://scholar.google.com//citations?hl=en&user=LQVQJ50AAAAJ
660,"Pierre Proulx, eng. Ph.D.",https://scholar.google.com//citations?hl=en&user=ZY9Fyt0AAAAJ
661,Louis-Charles Fortier,https://scholar.google.com//citations?hl=en&user=5K9-mZsAAAAJ
662,Frédéric Balg,https://scholar.google.com//citations?hl=en&user=9sQcZaQAAAAJ
663,Francois Boudreau,https://scholar.google.com//citations?hl=en&user=oEVXipEAAAAJ
664,Kevin Whittingstall,https://scholar.google.com//citations?hl=en&user=rCenRkYAAAAJ
665,Patrick Ayotte,https://scholar.google.com//citations?hl=en&user=H7NvcDkAAAAJ
666,Yannick Huot,https://scholar.google.com//citations?hl=en&user=Xroa21YAAAAJ
667,Julien Sylvestre,https://scholar.google.com//citations?hl=en&user=GVVNd-cAAAAJ
668,Daniel Lafontaine,https://scholar.google.com//citations?hl=en&user=pTg3lcQAAAAJ
669,Jean-Bernard Denault,https://scholar.google.com//citations?hl=en&user=wI_NK54AAAAJ
670,Nathalie Perreault,https://scholar.google.com//citations?hl=en&user=KsLJ2mgAAAAJ
671,Réjean Fontaine,https://scholar.google.com//citations?hl=en&user=W6uukX8AAAAJ
672,Helen-Maria Vasiliadis,https://scholar.google.com//citations?hl=en&user=KPVg7IMAAAAJ
673,Noel Albert,https://scholar.google.com//citations?hl=en&user=F7cTjIMAAAAJ
674,Jie He,https://scholar.google.com//citations?hl=en&user=qbZJOYgAAAAJ
675,Maryse Guay,https://scholar.google.com//citations?hl=en&user=gzk6orkAAAAJ
676,Marc Bélisle,https://scholar.google.com//citations?hl=en&user=aHYWD68AAAAJ
677,"Nicolas Gévry, professor",https://scholar.google.com//citations?hl=en&user=9I4X8lsAAAAJ
678,Denis P. Blondin,https://scholar.google.com//citations?hl=en&user=-XK0EBwAAAAJ
679,Robert Ziman,https://scholar.google.com//citations?hl=en&user=XNrI54gAAAAJ
680,Jean-Paul Praud,https://scholar.google.com//citations?hl=en&user=qaqPFhcAAAAJ
681,pedro geraldes,https://scholar.google.com//citations?hl=en&user=Y3bhvPgAAAAJ
682,Alain Frigon,https://scholar.google.com//citations?hl=en&user=k5xD2B8AAAAJ
683,Larissa Takser,https://scholar.google.com//citations?hl=en&user=lnslVMQAAAAJ
684,Patrice Rivard,https://scholar.google.com//citations?hl=en&user=OlGCNbEAAAAJ
685,Dominique Lorrain,https://scholar.google.com//citations?hl=en&user=vOUb-b4AAAAJ
686,Maïté Volatier,https://scholar.google.com//citations?hl=en&user=HePsr7QAAAAJ
687,Mathieu Bélanger,https://scholar.google.com//citations?hl=en&user=1GshiZcAAAAJ
688,François Gitzhofer,https://scholar.google.com//citations?hl=en&user=wqbn6NcAAAAJ
689,Jean-Michel Lavoie,https://scholar.google.com//citations?hl=en&user=O0kWQc8AAAAJ
690,Claude Legault,https://scholar.google.com//citations?hl=en&user=uChOv1wAAAAJ
691,Elijah Van Houten,https://scholar.google.com//citations?hl=en&user=eNc0O1IAAAAJ
692,Hubert Cabana,https://scholar.google.com//citations?hl=en&user=qSuYPssAAAAJ
693,Froduald Kabanza,https://scholar.google.com//citations?hl=en&user=h7z0lEoAAAAJ
694,YANNICK TOUSIGNANT-LAFLAMME,https://scholar.google.com//citations?hl=en&user=cciqUT0AAAAJ
695,Sylvain Giroux,https://scholar.google.com//citations?hl=en&user=_D2FWhQAAAAJ
696,João Pedro Trovão,https://scholar.google.com//citations?hl=en&user=hkGLIvIAAAAJ
697,Mélanie Morin,https://scholar.google.com//citations?hl=en&user=7BR3WDsAAAAJ
698,Radhouane Masmoudi,https://scholar.google.com//citations?hl=en&user=_p68iAwAAAAJ
699,Claude Spino,https://scholar.google.com//citations?hl=en&user=eNynb3QAAAAJ
700,JF Pratte,https://scholar.google.com//citations?hl=en&user=ZwA51tYAAAAJ
701,Caroline Fitzpatrick,https://scholar.google.com//citations?hl=en&user=wTUXx2oAAAAJ
702,Marie-Eve Poitras,https://scholar.google.com//citations?hl=en&user=Q8gtztUAAAAJ
703,Louis Gendron,https://scholar.google.com//citations?hl=en&user=F5JgxnMAAAAJ
704,Nathalie Beaudoin,https://scholar.google.com//citations?hl=en&user=65fDrk0AAAAJ
705,Armand Soldera,https://scholar.google.com//citations?hl=en&user=RS5t_cYAAAAJ
706,Audrey Brassard,https://scholar.google.com//citations?hl=en&user=n263UIcAAAAJ
707,Christian-Alexandre Castellano,https://scholar.google.com//citations?hl=en&user=0jRh920AAAAJ
708,Frederic Dallaire,https://scholar.google.com//citations?hl=en&user=ySmpH5MAAAAJ
709,Ben Amor,https://scholar.google.com//citations?hl=en&user=Ti4jCCYAAAAJ
710,Mathieu Robert,https://scholar.google.com//citations?hl=en&user=QCoo5KAAAAAJ
711,Denis Morris,https://scholar.google.com//citations?hl=en&user=lCCZyJAAAAAJ
712,Mathieu Massicotte,https://scholar.google.com//citations?hl=en&user=oHkCKu8AAAAJ
713,Francois Mosimann,https://scholar.google.com//citations?hl=en&user=LQ6_tKYAAAAJ
714,René Côté,https://scholar.google.com//citations?hl=en&user=niXKREsAAAAJ
715,Kai-Jun Yuan (元凯军),https://scholar.google.com//citations?hl=en&user=fIjDjWsAAAAJ
716,Jean-Pascal Lemelin,https://scholar.google.com//citations?hl=en&user=jzZH5z4AAAAJ
717,Yves Dory,https://scholar.google.com//citations?hl=en&user=t6NUCWAAAAAJ
718,Cynthia Gagnon,https://scholar.google.com//citations?hl=en&user=fvjlsYoAAAAJ
719,Sheela Ramanathan,https://scholar.google.com//citations?hl=en&user=JQ1qjLkAAAAJ
720,Dimitri Ryczko,https://scholar.google.com//citations?hl=en&user=CV1cFWkAAAAJ
721,Kalifa Goita,https://scholar.google.com//citations?hl=en&user=sCljwF8AAAAJ
722,Francois Rheault,https://scholar.google.com//citations?hl=en&user=IWMMMGsAAAAJ
723,Jean-Francois Lucier,https://scholar.google.com//citations?hl=en&user=f8675uwAAAAJ
724,Alain Delisle,https://scholar.google.com//citations?hl=en&user=U9cIFCwAAAAJ
725,B paquette,https://scholar.google.com//citations?hl=en&user=3X3jURsAAAAJ
726,Michel Raîche,https://scholar.google.com//citations?hl=en&user=nxoRRAUAAAAJ
727,Gerald Gahide,https://scholar.google.com//citations?hl=en&user=I4Y9O80AAAAJ
728,Sophie Calmé,https://scholar.google.com//citations?hl=en&user=IUu2aH4AAAAJ
729,Mylaine Breton,https://scholar.google.com//citations?hl=en&user=P-tGpdQAAAAJ
730,Karine Tremblay,https://scholar.google.com//citations?hl=en&user=55cDch0AAAAJ
731,Qiang Yan,https://scholar.google.com//citations?hl=en&user=xS9TMzwAAAAJ
732,Mannix Auger-Messier,https://scholar.google.com//citations?hl=en&user=XpQafx0AAAAJ
733,Pascale B. Beauregard,https://scholar.google.com//citations?hl=en&user=mTFeqTQAAAAJ
734,Mélanie M. Couture,https://scholar.google.com//citations?hl=en&user=d7TiGA0AAAAJ
735,Pasquale Roberge,https://scholar.google.com//citations?hl=en&user=alL2uxcAAAAJ
736,Philippe Gournay,https://scholar.google.com//citations?hl=en&user=AiQ6dp8AAAAJ
737,Denis Groleau,https://scholar.google.com//citations?hl=en&user=-HSmZs7bVCAC
738,Jean-Michel Longpré,https://scholar.google.com//citations?hl=en&user=Cxvd-1sAAAAJ
739,Christine Loignon,https://scholar.google.com//citations?hl=en&user=7hLu-cYAAAAJ
740,Richard Arès,https://scholar.google.com//citations?hl=en&user=6IorTL0AAAAJ
741,Nadi Braidy,https://scholar.google.com//citations?hl=en&user=t0qfIrUAAAAJ
742,Patrice Masson,https://scholar.google.com//citations?hl=en&user=tdmuaqcAAAAJ
743,Carol Gauthier,https://scholar.google.com//citations?hl=en&user=vnE9i2wAAAAJ
744,Nicolas Beaudet,https://scholar.google.com//citations?hl=en&user=gR7fAegAAAAJ
745,jean-charles Pasquier,https://scholar.google.com//citations?hl=en&user=V_hv1qwAAAAJ
746,Paul Charette,https://scholar.google.com//citations?hl=en&user=kWMHIo0AAAAJ
747,Ion Garate,https://scholar.google.com//citations?hl=en&user=h92kVAsAAAAJ
748,Seyed Soheil Mousavi Ajarostaghi,https://scholar.google.com//citations?hl=en&user=dYJ2F-AAAAAJ
749,Lee-Hwa Tai,https://scholar.google.com//citations?hl=en&user=d0OpstMAAAAJ
750,Ramata Magagi,https://scholar.google.com//citations?hl=en&user=jPvCaOgAAAAJ
751,Mathieu Labbé,https://scholar.google.com//citations?hl=en&user=G3BrBkMAAAAJ
752,Denis Rancourt,https://scholar.google.com//citations?hl=en&user=Rfr3RrIAAAAJ
753,Linson Lonappan,https://scholar.google.com//citations?hl=en&user=Etc12AkAAAAJ
754,Fernand-Pierre Gendron,https://scholar.google.com//citations?hl=en&user=-4XqAzoAAAAJ
755,Philippe Micheau,https://scholar.google.com//citations?hl=en&user=LNftjG0AAAAJ
756,Marc Frappier,https://scholar.google.com//citations?hl=en&user=Lka1FFcAAAAJ
757,Guillaume Léonard,https://scholar.google.com//citations?hl=en&user=2UghehYAAAAJ
758,Benoît Laurent,https://scholar.google.com//citations?hl=en&user=_ycS_ZcAAAAJ
759,Diwakar Bobbala,https://scholar.google.com//citations?hl=en&user=6nknc3UAAAAJ
760,José Agustín Candanedo,https://scholar.google.com//citations?hl=en&user=8mLBBzcAAAAJ
761,Martin Audet,https://scholar.google.com//citations?hl=en&user=q4He8EIAAAAJ
762,Marie-France coutu,https://scholar.google.com//citations?hl=en&user=GmCkyEsAAAAJ
763,Martin Désilets,https://scholar.google.com//citations?hl=en&user=CH3z59gAAAAJ
764,Bessam Abdulrazak,https://scholar.google.com//citations?hl=en&user=moRsZ2kAAAAJ
765,Michel Barrette,https://scholar.google.com//citations?hl=en&user=V7ejBVEAAAAJ
766,Sawsen Lakhal,https://scholar.google.com//citations?hl=en&user=_ebsk_YAAAAJ
767,Francois Courcy,https://scholar.google.com//citations?hl=en&user=7AxAu6IAAAAJ
768,Denis Bedard,https://scholar.google.com//citations?hl=en&user=ZOCtj8UAAAAJ
769,Luis Antonio De Santa-Eulalia,https://scholar.google.com//citations?hl=en&user=BGdZ0z8AAAAJ
770,Lulzim Shkreta,https://scholar.google.com//citations?hl=en&user=9stBClcAAAAJ
771,Samuel Foucher,https://scholar.google.com//citations?hl=en&user=hUvu2FIAAAAJ
772,Andrew D. Bass,https://scholar.google.com//citations?hl=en&user=fI0q3pMAAAAJ
773,Pedro A. Segura,https://scholar.google.com//citations?hl=en&user=P71iFxMAAAAJ
774,Félix Berrigan,https://scholar.google.com//citations?hl=en&user=gJp9baMAAAAJ
775,Philippe Maubant,https://scholar.google.com//citations?hl=en&user=hWycqBoAAAAJ
776,Alex Carignan,https://scholar.google.com//citations?hl=en&user=L8TDmOYAAAAJ
777,Marie-France MORIN,https://scholar.google.com//citations?hl=en&user=oKd7FYAAAAAJ
778,Minh C. Ta (Ta Cao Minh),https://scholar.google.com//citations?hl=en&user=GUcQQiEAAAAJ
779,Philippe Dauphin-Ducharme,https://scholar.google.com//citations?hl=en&user=T1GTRgUAAAAJ
780,Josiane Courteau,https://scholar.google.com//citations?hl=en&user=oCWJjwgAAAAJ
781,Serge A. Charlebois,https://scholar.google.com//citations?hl=en&user=XeE8PQMAAAAJ
782,Alexa Martin-Storey,https://scholar.google.com//citations?hl=en&user=nubZiJUAAAAJ
783,Sébastien Roy,https://scholar.google.com//citations?hl=en&user=GO_qmcMAAAAJ
784,Karine Forget,https://scholar.google.com//citations?hl=en&user=HqkAtoUAAAAJ
785,Maxime Boissonneault,https://scholar.google.com//citations?hl=en&user=iLKCwTMAAAAJ
786,Harsh Vardhan,https://scholar.google.com//citations?hl=en&user=nBXw1zsAAAAJ
787,Claire Nour Abou Chakra,https://scholar.google.com//citations?hl=en&user=AUFPV5EAAAAJ
788,Sylvain Bourdon,https://scholar.google.com//citations?hl=en&user=bLA3vJAAAAAJ
789,Luc Mathieu,https://scholar.google.com//citations?hl=en&user=yMJnI8UAAAAJ
790,Hélène Corriveau,https://scholar.google.com//citations?hl=en&user=3tmwwCkAAAAJ
791,Maggie Roy,https://scholar.google.com//citations?hl=en&user=FD2STGMAAAAJ
792,Isabelle Laforest-Lapointe,https://scholar.google.com//citations?hl=en&user=U3G4bpYAAAAJ
793,Marilyne Labrie,https://scholar.google.com//citations?hl=en&user=EPsY_BsAAAAJ
794,Charith Raj Adkar-Purushothama,https://scholar.google.com//citations?hl=en&user=P6DQWC8AAAAJ
795,Yves Berube-Lauziere,https://scholar.google.com//citations?hl=en&user=VZI2qhoAAAAJ
796,bernard marcos,https://scholar.google.com//citations?hl=en&user=YhJ0FR4AAAAJ
797,Dominique Tremblay,https://scholar.google.com//citations?hl=en&user=BfNzEwEAAAAJ
798,Éric Marchand,https://scholar.google.com//citations?hl=en&user=KLZlJBIAAAAJ
799,Ayman Oweida,https://scholar.google.com//citations?hl=en&user=z0Fi1KoAAAAJ
800,Christian Sarra-Bournet,https://scholar.google.com//citations?hl=en&user=4YVg3PoAAAAJ
801,Cécile Michaud,https://scholar.google.com//citations?hl=en&user=hIvl4HkAAAAJ
802,Auromeet Saha,https://scholar.google.com//citations?hl=en&user=Gev22zEAAAAJ
803,Ahmed Khoumsi,https://scholar.google.com//citations?hl=en&user=iONpz-EAAAAJ
804,Christopher Ksoll,https://scholar.google.com//citations?hl=en&user=18IRcv4AAAAJ
805,Sonia Cheng,https://scholar.google.com//citations?hl=en&user=Fx59kAQAAAAJ
806,Pascal Tétreault,https://scholar.google.com//citations?hl=en&user=490gyqwAAAAJ
807,Federico Galli,https://scholar.google.com//citations?hl=en&user=UIfvLdsAAAAJ
808,"Mathieu Maltais, PhD",https://scholar.google.com//citations?hl=en&user=4ij1RCEAAAAJ
809,Samuel Mercier,https://scholar.google.com//citations?hl=en&user=SgDVpBwAAAAJ
810,Sébastien Roy,https://scholar.google.com//citations?hl=en&user=qIn8Z6oAAAAJ
811,François-Pierre Counil,https://scholar.google.com//citations?hl=en&user=kPi1oMAAAAAJ
812,David Danovitch,https://scholar.google.com//citations?hl=en&user=xj01RdwAAAAJ
813,Marie Beausejour,https://scholar.google.com//citations?hl=en&user=ZrQXS2IAAAAJ
814,Alexandre Juneau-Fecteau,https://scholar.google.com//citations?hl=en&user=9LnKNyUAAAAJ
815,Isabelle Pitrou,https://scholar.google.com//citations?hl=en&user=PIZLPXsAAAAJ
816,Christian Iorio-Morin,https://scholar.google.com//citations?hl=en&user=p5qqZ1gAAAAJ
817,Sébastien Jezouin,https://scholar.google.com//citations?hl=en&user=04G_dH4AAAAJ
818,Christina St-Onge FMSS,https://scholar.google.com//citations?hl=en&user=JxnvPHMAAAAJ
819,Karine Bertrand,https://scholar.google.com//citations?hl=en&user=BdLQd-sAAAAJ
820,Hadi Pasdarshahri,https://scholar.google.com//citations?hl=en&user=0tb4gI0AAAAJ
821,Hugues Allard-Chamard,https://scholar.google.com//citations?hl=en&user=q8ioMIkAAAAJ
822,François Grondin,https://scholar.google.com//citations?hl=en&user=BJSmI7MAAAAJ
823,Valérie St-Pierre,https://scholar.google.com//citations?hl=en&user=zG9kgREAAAAJ
824,Frances Gallagher,https://scholar.google.com//citations?hl=en&user=b-nYduEAAAAJ
825,Benjamin D'Anjou,https://scholar.google.com//citations?hl=en&user=hHeqfx8AAAAJ
826,Marie-Helene Milot,https://scholar.google.com//citations?hl=en&user=LcV4JTsAAAAJ
827,Jérôme Bourassa,https://scholar.google.com//citations?hl=en&user=c1Xj4EEAAAAJ
828,Antoine Désilets,https://scholar.google.com//citations?hl=en&user=-zuNf2QAAAAJ
829,Essi Parent,https://scholar.google.com//citations?hl=en&user=cbRxt8UAAAAJ
830,Louis-Patrick Haraoui,https://scholar.google.com//citations?hl=en&user=HLBoRz8AAAAJ
831,Nicolas Quaegebeur,https://scholar.google.com//citations?hl=en&user=esSScRgAAAAJ
832,Eric Tremblay,https://scholar.google.com//citations?hl=en&user=9XSh-SEAAAAJ
833,Mario Leone,https://scholar.google.com//citations?hl=en&user=N9AA5BwAAAAJ
834,Nathaly Gaudreault,https://scholar.google.com//citations?hl=en&user=FF6oHF4AAAAJ
835,Abdelatif Jaouad,https://scholar.google.com//citations?hl=en&user=zFafJ7YAAAAJ
836,Farhan Ullah Khan,https://scholar.google.com//citations?hl=en&user=0LH-8m8AAAAJ
837,Robert Sabbagh,https://scholar.google.com//citations?hl=en&user=13t8iVIAAAAJ
838,Sebastien Levesque,https://scholar.google.com//citations?hl=en&user=248HexwAAAAJ
839,Ciprian Bolca,https://scholar.google.com//citations?hl=en&user=-ICaKVcAAAAJ
840,Martine Shareck,https://scholar.google.com//citations?hl=en&user=TJyw1RMAAAAJ
841,Bouraoui Ilahi,https://scholar.google.com//citations?hl=en&user=3D738FsAAAAJ
842,Marie-Andrée Giroux,https://scholar.google.com//citations?hl=en&user=gUFcyAsAAAAJ
843,Baptiste Royer,https://scholar.google.com//citations?hl=en&user=sAqTDcgAAAAJ
844,Vincent Nault,https://scholar.google.com//citations?hl=en&user=P7JefmIAAAAJ
845,Taoufik Bouezmarni,https://scholar.google.com//citations?hl=en&user=sXKJCE0AAAAJ
846,Frédéric Mailhot,https://scholar.google.com//citations?hl=en&user=2juk_msAAAAJ
847,Daniel Dalle,https://scholar.google.com//citations?hl=en&user=73yxZYAAAAAJ
848,Daniel Garneau,https://scholar.google.com//citations?hl=en&user=O4nvlFcAAAAJ
849,Jeffrey A. Quilliam,https://scholar.google.com//citations?hl=en&user=P4JzX6UAAAAJ
850,Dominique Dorion,https://scholar.google.com//citations?hl=en&user=9UMz1OEAAAAJ
851,Emily Brown,https://scholar.google.com//citations?hl=en&user=A4wnBioAAAAJ
852,RW Jay Lacey,https://scholar.google.com//citations?hl=en&user=7w8ffX4AAAAJ
853,Douadi BRIKA,https://scholar.google.com//citations?hl=en&user=QEhLNCAAAAAJ
854,Malladi Nagalakshmaiah,https://scholar.google.com//citations?hl=en&user=PXGCw6AAAAAJ
855,Wen Ma,https://scholar.google.com//citations?hl=en&user=BCX7OEUAAAAJ
856,Chirjiv Kaur Anand,https://scholar.google.com//citations?hl=en&user=La9mxMIAAAAJ
857,François Ferland,https://scholar.google.com//citations?hl=en&user=b_oYI1wAAAAJ
858,Nancy Presse,https://scholar.google.com//citations?hl=en&user=Oqced-0AAAAJ
859,Olivier Robin,https://scholar.google.com//citations?hl=en&user=mcSPde4AAAAJ
860,Michèle Venet,https://scholar.google.com//citations?hl=en&user=NiGd4HAAAAAJ
861,Emmanuelle Jasmin,https://scholar.google.com//citations?hl=en&user=eSE6HaQAAAAJ
862,Alexis Lussier desbiens,https://scholar.google.com//citations?hl=en&user=LNHbZR0AAAAJ
863,Frédéric Bouchard,https://scholar.google.com//citations?hl=en&user=6-A52hgAAAAJ
864,Olivier Laverdiere,https://scholar.google.com//citations?hl=en&user=rI8BhecAAAAJ
865,Zhi-Chao Jiang,https://scholar.google.com//citations?hl=en&user=XG6hNrsAAAAJ
866,"Simon Décary, PT, PhD",https://scholar.google.com//citations?hl=en&user=C4CFplcAAAAJ
867,Catherine Laurier,https://scholar.google.com//citations?hl=en&user=2Lq_JkUAAAAJ
868,Elaine Mosconi,https://scholar.google.com//citations?hl=en&user=PrukCC0AAAAJ
869,Frederic Nolet,https://scholar.google.com//citations?hl=en&user=_6DLzS8AAAAJ
870,Keven Bluteau,https://scholar.google.com//citations?hl=en&user=8SFVlhUAAAAJ
871,Mojgan Morvaridzadeh,https://scholar.google.com//citations?hl=en&user=fYkMMX8AAAAJ
872,Mathieu Pilon,https://scholar.google.com//citations?hl=en&user=x3F9zvoAAAAJ
873,Pierrette Verlaan,https://scholar.google.com//citations?hl=en&user=05-dLVcAAAAJ
874,Dominick Matteau,https://scholar.google.com//citations?hl=en&user=cRH60z8AAAAJ
875,Guillaume Bélanger,https://scholar.google.com//citations?hl=en&user=06GBBJUAAAAJ
876,Alain Fleury,https://scholar.google.com//citations?hl=en&user=fXSnEhEAAAAJ
877,Hassan Maher,https://scholar.google.com//citations?hl=en&user=aQDs0wUAAAAJ
878,Sebastien Rioux Paquette,https://scholar.google.com//citations?hl=en&user=vUUYoGMAAAAJ
879,Qing Li,https://scholar.google.com//citations?hl=en&user=l8NKOr0AAAAJ
880,Dahai Qi,https://scholar.google.com//citations?hl=en&user=Wu1zMfEAAAAJ
881,Elio Kechichian,https://scholar.google.com//citations?hl=en&user=ETASz04AAAAJ
882,Marie-Amelie Boucher,https://scholar.google.com//citations?hl=en&user=cQZBijUAAAAJ
883,Pablo Martínez,https://scholar.google.com//citations?hl=en&user=r__pT7cAAAAJ
884,"Omar I. Abdelkarim, Ph.D., P.Eng.",https://scholar.google.com//citations?hl=en&user=ekptfxAAAAAJ
885,Pierre-Martin Tardif,https://scholar.google.com//citations?hl=en&user=7G6CuMQAAAAJ
886,Myriam Lemelin,https://scholar.google.com//citations?hl=en&user=x1z3W44AAAAJ
887,Peng Luo,https://scholar.google.com//citations?hl=en&user=c9Sg4FoAAAAJ
888,Annie Carrier,https://scholar.google.com//citations?hl=en&user=4tSfzXcAAAAJ
889,Maxime Dion,https://scholar.google.com//citations?hl=en&user=MwlsNboAAAAJ
890,Legault Véronique,https://scholar.google.com//citations?hl=en&user=O4VUz7IAAAAJ
891,Nancy Gagne,https://scholar.google.com//citations?hl=en&user=6EpO2hQAAAAJ
892,Kian Jafari,https://scholar.google.com//citations?hl=en&user=pm9Oh8sAAAAJ
893,Jean-Philippe Côté,https://scholar.google.com//citations?hl=en&user=j1P5ytgAAAAJ
894,Jean-François Ethier,https://scholar.google.com//citations?hl=en&user=KmcsVREAAAAJ
895,Manuel Lafond,https://scholar.google.com//citations?hl=en&user=O2xit3MAAAAJ
896,Manon G. Guillemette,https://scholar.google.com//citations?hl=en&user=uWwlxskAAAAJ
897,Frédéric Vachon,https://scholar.google.com//citations?hl=en&user=iGs8q7MAAAAJ
898,Junie Carriere,https://scholar.google.com//citations?hl=en&user=1C7BECYAAAAJ
899,Matt Barbour,https://scholar.google.com//citations?hl=en&user=6T9BejgAAAAJ
900,Ali Ben Abbes,https://scholar.google.com//citations?hl=en&user=oB-gJ94AAAAJ
901,Wendy J. King,https://scholar.google.com//citations?hl=en&user=V3VDKF4AAAAJ
902,CP Lamarche,https://scholar.google.com//citations?hl=en&user=Tt8AVBYAAAAJ
903,Reza Nourafkan,https://scholar.google.com//citations?hl=en&user=D0PWCaMAAAAJ
904,François Boone,https://scholar.google.com//citations?hl=en&user=Cl2E0h8AAAAJ
905,Wael Suleiman,https://scholar.google.com//citations?hl=en&user=mznYmoMAAAAJ
906,Lu Chen,https://scholar.google.com//citations?hl=en&user=_orzzlEAAAAJ
907,Abderraouf Boucherif,https://scholar.google.com//citations?hl=en&user=LGZYeYoAAAAJ
908,Eva Monson,https://scholar.google.com//citations?hl=en&user=ukjhHtIAAAAJ
909,Eric Bordeleau,https://scholar.google.com//citations?hl=en&user=vNN81FEAAAAJ
910,Réjean Lebel,https://scholar.google.com//citations?hl=en&user=NiPoi0AAAAAJ
911,François Claveau,https://scholar.google.com//citations?hl=en&user=ORg5SwQAAAAJ
912,Jimmy Lapierre,https://scholar.google.com//citations?hl=en&user=zoxmmnoAAAAJ
913,Jai Prakash Chaubey,https://scholar.google.com//citations?hl=en&user=BjWotawAAAAJ
914,Kim Lehrer,https://scholar.google.com//citations?hl=en&user=tFcwlGUAAAAJ
915,Charles Gouin-Vallerand,https://scholar.google.com//citations?hl=en&user=9TBWsNMAAAAJ
916,Niousha Nazari,https://scholar.google.com//citations?hl=en&user=_bxl9rAAAAAJ
917,Caroline Letor,https://scholar.google.com//citations?hl=en&user=d18BBGsAAAAJ
918,Gabrielle Garon-Carrier,https://scholar.google.com//citations?hl=en&user=_KY83LEAAAAJ
919,David Gagné,https://scholar.google.com//citations?hl=en&user=UjvXnNAAAAAJ
920,Rachel Jodoin,https://scholar.google.com//citations?hl=en&user=76buU5cAAAAJ
921,Philippe Roy,https://scholar.google.com//citations?hl=en&user=FAwcajcAAAAJ
922,"Karina Lebel, ing., Ph.D.",https://scholar.google.com//citations?hl=en&user=Tjt4UmIAAAAJ
923,Melanie Couture,https://scholar.google.com//citations?hl=en&user=FsSG7xgAAAAJ
924,Bakhta Boukhatem,https://scholar.google.com//citations?hl=en&user=0QJj-PQAAAAJ
925,Richard Egli,https://scholar.google.com//citations?hl=en&user=L00vjAUAAAAJ
926,José Ignacio Nazif-Muñoz,https://scholar.google.com//citations?hl=en&user=QukXL3MAAAAJ
927,Evan Mercier,https://scholar.google.com//citations?hl=en&user=Ysmjx1AAAAAJ
928,Anna Kwiatkowska,https://scholar.google.com//citations?hl=en&user=X3192nAAAAAJ
929,Damien Echevin,https://scholar.google.com//citations?hl=en&user=9LyeThMAAAAJ
930,Serge Ecoffey,https://scholar.google.com//citations?hl=en&user=bj-e_MkAAAAJ
931,Guillaume Theaud,https://scholar.google.com//citations?hl=en&user=2Ql633UAAAAJ
932,Matthieu Chartier,https://scholar.google.com//citations?hl=en&user=jIkPQoMAAAAJ
933,Leyla Amiri,https://scholar.google.com//citations?hl=en&user=-O2FT2wAAAAJ
934,"Dhaou Said, Ph.D, Eng",https://scholar.google.com//citations?hl=en&user=1Q1JPIkAAAAJ
935,Rajesh Pandiyan,https://scholar.google.com//citations?hl=en&user=Nkf5U3UAAAAJ
936,Carle Coté,https://scholar.google.com//citations?hl=en&user=csNPHyIAAAAJ
937,Mélanie Trudel,https://scholar.google.com//citations?hl=en&user=ab7T6YoAAAAJ
938,Debra Hausladen,https://scholar.google.com//citations?hl=en&user=wd-ScWcAAAAJ
939,Samuel Piotr Wolski,https://scholar.google.com//citations?hl=en&user=fmFkIOMAAAAJ
940,Naser Dehghan,https://scholar.google.com//citations?hl=en&user=DVOyB0kAAAAJ
941,Marie-Eve Carignan,https://scholar.google.com//citations?hl=en&user=ZZYMpGoAAAAJ
942,Yann Le Corff,https://scholar.google.com//citations?hl=en&user=Rkbvn8oAAAAJ
943,Anthony Glinoer,https://scholar.google.com//citations?hl=en&user=PNP-k6cAAAAJ
944,Simon Couillard,https://scholar.google.com//citations?hl=en&user=u14NqL4AAAAJ
945,David Koussens,https://scholar.google.com//citations?hl=en&user=_4JVMGkAAAAJ
946,Amr El-Nemr,https://scholar.google.com//citations?hl=en&user=IltlulwAAAAJ
947,Barzin Rajabloo,https://scholar.google.com//citations?hl=en&user=zip_M8EAAAAJ
948,Adelphine Bonneau,https://scholar.google.com//citations?hl=en&user=hJrfv8MAAAAJ
949,Mylène Brunelle,https://scholar.google.com//citations?hl=en&user=x_uHZn8AAAAJ
950,Etienne Désilets,https://scholar.google.com//citations?hl=en&user=bTFaXiQAAAAJ
951,Bruna Rego de Vasconcelos,https://scholar.google.com//citations?hl=en&user=DZk1KvkAAAAJ
952,Antoine Gervais,https://scholar.google.com//citations?hl=en&user=2EB7TC0AAAAJ
953,Eric Maillet,https://scholar.google.com//citations?hl=en&user=I1KED5UAAAAJ
954,Thierry Ghislain,https://scholar.google.com//citations?hl=en&user=-VqdlNsAAAAJ
955,Geneviève Paquette,https://scholar.google.com//citations?hl=en&user=Ex85QbEAAAAJ
956,Olivier Dezutter,https://scholar.google.com//citations?hl=en&user=3N-FKe0AAAAJ
957,Catherine Gignac,https://scholar.google.com//citations?hl=en&user=UuGVwowAAAAJ
958,Christine Levesque,https://scholar.google.com//citations?hl=en&user=kOc09uQAAAAJ
959,Nadim Srour,https://scholar.google.com//citations?hl=en&user=XHaazNQAAAAJ
960,Mimi Léger-Rousseau,https://scholar.google.com//citations?hl=en&user=kWBGEhkAAAAJ
961,Martino Pelli,https://scholar.google.com//citations?hl=en&user=nswlHpUAAAAJ
962,Amin Moeini,https://scholar.google.com//citations?hl=en&user=NxnI5F8AAAAJ
963,Sergio Croquer,https://scholar.google.com//citations?hl=en&user=cH7bIfQAAAAJ
964,Claudia Ota,https://scholar.google.com//citations?hl=en&user=Fj3Fmx4AAAAJ
965,Marie-Claude Perron,https://scholar.google.com//citations?hl=en&user=y4EkMnsAAAAJ
966,Marie A Brunet,https://scholar.google.com//citations?hl=en&user=sM8zcnUAAAAJ
967,Vladimir Malenovsky,https://scholar.google.com//citations?hl=en&user=25DcQZ8AAAAJ
968,Étienne Lefrançois,https://scholar.google.com//citations?hl=en&user=QqUAng4AAAAJ
969,Olivier Champagne-Poirier,https://scholar.google.com//citations?hl=en&user=IGBs0SUAAAAJ
970,Benoit Fraikin,https://scholar.google.com//citations?hl=en&user=mJNMVvwAAAAJ
971,Mathieu Hylands,https://scholar.google.com//citations?hl=en&user=gE0TURwAAAAJ
972,Daphnée Lamarche,https://scholar.google.com//citations?hl=en&user=2OECMusAAAAJ
973,Benoit Marchand,https://scholar.google.com//citations?hl=en&user=ybOefvsAAAAJ
974,Amine Trabelsi,https://scholar.google.com//citations?hl=en&user=YSrvU5AAAAAJ
975,Michael Blondin,https://scholar.google.com//citations?hl=en&user=aM8Fe9wAAAAJ
976,Nicolas Gauthier,https://scholar.google.com//citations?hl=en&user=J5p0FbUAAAAJ
977,André Michaud,https://scholar.google.com//citations?hl=en&user=9mZaCAkAAAAJ
978,Manijeh Mahdavi,https://scholar.google.com//citations?hl=en&user=_23Bm2kAAAAJ
979,Yves Grosdidier,https://scholar.google.com//citations?hl=en&user=YDp07b7_vMQC
980,Marie-Eve Boulanger,https://scholar.google.com//citations?hl=en&user=weOkqoYAAAAJ
981,Emmanuelle Wilhelm,https://scholar.google.com//citations?hl=en&user=QkTXa2IAAAAJ
982,jean-françois delabre,https://scholar.google.com//citations?hl=en&user=wF3lp40AAAAJ
983,Imad Hussain,https://scholar.google.com//citations?hl=en&user=W-2O9mkAAAAJ
984,Mathieu Goyette,https://scholar.google.com//citations?hl=en&user=fmB6lgEAAAAJ
985,James Aluha,https://scholar.google.com//citations?hl=en&user=s7tTC-oAAAAJ
986,Paul Fabry,https://scholar.google.com//citations?hl=en&user=QPqF5GQAAAAJ
987,Anne-Charlotte Brault,https://scholar.google.com//citations?hl=en&user=0_gWVEEAAAAJ
988,Sean UN Wood,https://scholar.google.com//citations?hl=en&user=fW0dEnUAAAAJ
989,Kumaraswamy Boyapelly,https://scholar.google.com//citations?hl=en&user=1uoezU0AAAAJ
990,Thibaut Maniere,https://scholar.google.com//citations?hl=en&user=DyrtlAkAAAAJ
991,Tengke Xiong,https://scholar.google.com//citations?hl=en&user=BVLICqAAAAAJ
992,Iman Sajedian,https://scholar.google.com//citations?hl=en&user=FHEGCOYAAAAJ
993,Daniel Naud,https://scholar.google.com//citations?hl=en&user=lACvfsQAAAAJ
994,Annabelle Cumyn,https://scholar.google.com//citations?hl=en&user=gC4fqX4AAAAJ
995,"Maslouhi Ahmed, ing., Ph.d.",https://scholar.google.com//citations?hl=en&user=TlhnlbgAAAAJ
996,Amirreza Ataei,https://scholar.google.com//citations?hl=en&user=4tgAdigAAAAJ
997,Pascal Marrot,https://scholar.google.com//citations?hl=en&user=CAAuOxMAAAAJ
998,Etienne Rousseau,https://scholar.google.com//citations?hl=en&user=Fiwd_RsAAAAJ
999,Jonathan Smith,https://scholar.google.com//citations?hl=en&user=dbLa0X8AAAAJ
1000,Alireza Hekmat-Ardakan,https://scholar.google.com//citations?hl=en&user=VfMEX2oAAAAJ
1001,Francois Bolduc,https://scholar.google.com//citations?hl=en&user=fMtXpSgAAAAJ
1002,Amit Ghosh,https://scholar.google.com//citations?hl=en&user=nYWvvA0AAAAJ
1003,Jean-Philippe Lucking Bigué,https://scholar.google.com//citations?hl=en&user=ArOmhy0AAAAJ
1004,Julien PIERRE,https://scholar.google.com//citations?hl=en&user=xdl6j64AAAAJ
1005,Yann Beilliard,https://scholar.google.com//citations?hl=en&user=6r0q9hQAAAAJ
1006,Maude Josée Blondin,https://scholar.google.com//citations?hl=en&user=RUJLVHMAAAAJ
1007,Radhouene Doggui,https://scholar.google.com//citations?hl=en&user=XRcNvrEAAAAJ
1008,Chantale Beaucher,https://scholar.google.com//citations?hl=en&user=01ek7DUAAAAJ
1009,Sofiane Baba,https://scholar.google.com//citations?hl=en&user=uTUGpH4AAAAJ
1010,Charlotte Smetanka,https://scholar.google.com//citations?hl=en&user=1U-wXqwAAAAJ
1011,Khashayar Khanlari,https://scholar.google.com//citations?hl=en&user=M5YRyDcAAAAJ
1012,Boussairi Bouzazi,https://scholar.google.com//citations?hl=en&user=_7_9J2cAAAAJ
1013,Marc-Antoine Despatis,https://scholar.google.com//citations?hl=en&user=CvgIz2kAAAAJ
1014,Alexandre Girard,https://scholar.google.com//citations?hl=en&user=1qdSFXQAAAAJ
1015,Pierre-Hugues Fortier,https://scholar.google.com//citations?hl=en&user=VaRcCywAAAAJ
1016,Anne Dezetter,https://scholar.google.com//citations?hl=en&user=wHfuZyIAAAAJ
1017,Youcef A. Bioud,https://scholar.google.com//citations?hl=en&user=kWemagUAAAAJ
1018,Patrick Bourgeois-Hope,https://scholar.google.com//citations?hl=en&user=5IkxqhIAAAAJ
1019,Nooshin Karami,https://scholar.google.com//citations?hl=en&user=E2Hj-iQAAAAJ
1020,Khaled Mohammed,https://scholar.google.com//citations?hl=en&user=uoAAhaEAAAAJ
1021,Tanya Chichekian,https://scholar.google.com//citations?hl=en&user=k74WhtoAAAAJ
1022,Alexander McDonald,https://scholar.google.com//citations?hl=en&user=-x0KE6UAAAAJ
1023,Omidreza Ghaffari,https://scholar.google.com//citations?hl=en&user=MYSvnwYAAAAJ
1024,Reza Jafari,https://scholar.google.com//citations?hl=en&user=YIng4wsAAAAJ
1025,xiaofang ma,https://scholar.google.com//citations?hl=en&user=5LDwzBQAAAAJ
1026,Gabriel Blouin Genest,https://scholar.google.com//citations?hl=en&user=wQj5j6kAAAAJ
1027,Vasilisa Shramchenko,https://scholar.google.com//citations?hl=en&user=gln3wu4AAAAJ
1028,Bastien Loret,https://scholar.google.com//citations?hl=en&user=My0M3XcAAAAJ
1029,Saeed Mohebbi,https://scholar.google.com//citations?hl=en&user=kp9AmvEAAAAJ
